material_id,atoms,energy_above_hull,formation_energy_per_atom,synth,pred_synth,synth_score
mp-1178920,"Atoms(symbols='Tl2Fe2O4', pbc=True, cell=[[5.11800953, -0.10386033, 3.16544664], [1.71270742, 4.82404827, 3.16544664], [-0.15029921, -0.10386033, 6.01593585]], initial_magmoms=...)",0.20517189812500103,-1.1648934945833345,1,1,0.996292769908905
mp-558025,"Atoms(symbols='O72Si36', pbc=True, cell=[7.44307693, 14.147415, 18.72567969], initial_magmoms=...)",0.016457801296297703,-3.0293602192592597,1,1,0.997739315032959
mp-560199,"Atoms(symbols='Mn10Si10O30', pbc=True, cell=[[6.69161061, 0.01234434, 0.0033778], [-0.5954256, 7.58754893, 0.01721445], [-0.50451887, -3.24346521, 11.38905491]], initial_magmoms=...)",0.00888238136667141,-2.786395761886208,1,1,0.7969253659248352
mp-1195114,"Atoms(symbols='As24K24O72', pbc=True, cell=[[8.94064217, 0.0, 0.00616857], [0.0, 19.12823845, 0.0], [-0.06662996, 0.0, 12.23751296]], initial_magmoms=...)",0.0028843527499962107,-1.9334694276999969,1,1,1.0
mp-9761,"Atoms(symbols='Re2O6', pbc=True, cell=[[2.43383731, -4.21552682, 3.19e-06], [2.43383535, 4.21552569, -5.95e-06], [-2.53e-06, -4.83e-06, 4.46859966]], initial_magmoms=...)",0.10682634000000135,-2.024435626249999,1,1,0.976445734500885
mp-10814,"Atoms(symbols='Sr4Li4B4O12', pbc=True, cell=[[6.70980203, 0.0, 0.0], [0.0, 6.45866928, -0.08103881], [0.0, 4.18789758, 6.41880896]], initial_magmoms=...)",0.0,-2.997120714583333,1,1,0.8944211602210999
mp-510604,"Atoms(symbols='Mn16O24', pbc=True, cell=[[4.709430715, 4.710356625, 4.709639855], [4.709430715, -4.710356625, -4.709639855], [-4.709430715, 4.710356625, -4.709639855]], initial_magmoms=...)",0.006783344624999188,-2.004554868422413,1,1,0.9978001713752747
mp-551244,"Atoms(symbols='CoCsK2O2', pbc=True, cell=[[1.0719597225, -4.6313357275, 2.25587447], [4.752224705, -0.0021844250000002674, -2.2587497900000004], [4.7559777825000005, 0.006312142499999673, 3.8890307999999996]], initial_magmoms=...)",0.0,-1.2299112331925268,1,1,0.9989515542984009
mp-8263,"Atoms(symbols='K2Na4B2O6', pbc=True, cell=[5.53789069, 5.57332288, 5.96624965], initial_magmoms=...)",0.0,-2.2554074623821845,1,1,0.9810219407081604
mp-3047,"Atoms(symbols='Mg2Ge2O6', pbc=True, cell=[[1.40710133, -4.67416332, -0.0], [1.40710133, 4.67416332, 0.0], [0.0, 0.0, 6.93351539]], initial_magmoms=...)",0.1296794314999925,-2.2419600079999995,1,1,0.8987665772438049
mp-1019608,"Atoms(symbols='Cs24B8O24', pbc=True, cell=[10.47207171, 11.01671258, 11.07122685], initial_magmoms=...)",0.0,-2.0486617848214275,1,1,1.0
mp-17785,"Atoms(symbols='K4Na8Ga4O12', pbc=True, cell=[6.14233876, 6.48366423, 10.12678501], initial_magmoms=...)",0.0,-1.9248083746440787,1,1,0.9985895752906799
mp-2720358,"Atoms(symbols='Na4Cl4O12', pbc=True, cell=[6.67544456, 6.67544456, 6.67544456], initial_magmoms=...)",0.02988563774999964,-0.7854748307500017,1,1,0.9550683498382568
mp-19055,"Atoms(symbols='Ho2Cr2O8', pbc=True, cell=[[-2.49136973, 2.49136754, 5.58519643], [2.49136973, -2.49136754, 5.58519643], [2.49136754, 2.49136973, -5.58519643]], initial_magmoms=...)",0.011448467500001058,-2.7656093391666645,1,1,0.9862046241760254
mp-557293,"Atoms(symbols='Li8Cd4Si4O16', pbc=True, cell=[5.09766382, 6.50772083, 10.62069487], initial_magmoms=...)",0.0,-2.530739578645832,1,1,0.9325762391090393
mp-18168,"Atoms(symbols='Tl4Zn4P4O16', pbc=True, cell=[[5.46880089, 0.0, 0.0], [0.0, 8.71798824, 0.00416254], [0.0, 0.10591431, 8.81262531]], initial_magmoms=...)",0.0,-2.2226484061394545,1,1,0.9858821630477905
mp-551629,"Atoms(symbols='CsLiMoO4', pbc=True, cell=[[0.0, 4.19603097, 4.19603097], [4.19603097, 0.0, 4.19603097], [4.19603097, 4.19603097, 0.0]], initial_magmoms=...)",0.0,-2.25925500899836,1,1,0.9039745330810547
mp-18578,"Atoms(symbols='Tl4Zn4As4O16', pbc=True, cell=[[5.64759888, 0.0, 0.0], [0.0, 8.92298726, 0.00707386], [0.0, 0.17277874, 8.9594267]], initial_magmoms=...)",0.0,-1.681312642619049,1,1,0.9971103668212891
mp-19048,"Atoms(symbols='Ba2W2O8', pbc=True, cell=[[-2.83336586, 2.83336595, 6.36926687], [2.83336586, -2.83336595, 6.36926687], [2.83336595, 2.83336586, -6.36926687]], initial_magmoms=...)",0.0,-2.726259999166667,1,1,0.5952572822570801
mp-7726,"Atoms(symbols='Rb2UO4', pbc=True, cell=[[-2.17707958, 2.17707958, 6.97011025], [2.17707958, -2.17707958, 6.97011025], [2.17707958, 2.17707958, -6.97011025]], initial_magmoms=...)",0.0,-3.0409014735714246,1,1,0.9717254042625427
mp-558460,"Atoms(symbols='Na2Ag2N4O8', pbc=True, cell=[[-0.0, 5.29356012, 5.48913307], [3.73529374, -0.0, 5.48913307], [3.73529374, 5.29356012, 0.0]], initial_magmoms=...)",0.12294191944444322,-0.8687097328807472,1,1,0.9897116422653198
mp-18002,"Atoms(symbols='K4Li12Ge4O16', pbc=True, cell=[[5.82626364, 0.00407136, 0.00250951], [1.32839094, 7.32205391, 0.00737325], [2.3036839, 0.71256406, 9.57832079]], initial_magmoms=...)",0.0,-2.232946542472222,1,1,0.9974391460418701
mp-558188,"Atoms(symbols='Ag4Hg8As4O16', pbc=True, cell=[6.32699589, 8.78694199, 9.63926057], initial_magmoms=...)",0.0,-1.0522996467708348,1,1,0.9999891519546509
mp-556601,"Atoms(symbols='Bi4B4Pb4O16', pbc=True, cell=[[7.50228763, 0.0, 0.0], [0.0, 7.51540013, 0.03382706], [0.0, 7.14274506, 7.66329095]], initial_magmoms=...)",0.0,-2.099030331309522,1,1,0.9162596464157104
mp-21792,"Atoms(symbols='Co8Na40O32', pbc=True, cell=[5.90659547, 10.22110955, 17.72073386], initial_magmoms=...)",0.0001232527499936964,-1.519688171939655,1,0,0.003839395008981228
mp-22694,"Atoms(symbols='Li8P8Pb8O32', pbc=True, cell=[4.93838374, 7.95688848, 18.61418511], initial_magmoms=...)",0.0,-2.499256550425169,1,1,0.545830488204956
mp-648745,"Atoms(symbols='Na4Ti4Fe4O16', pbc=True, cell=[2.97230721, 9.1353043, 11.32801069], initial_magmoms=...)",0.060048965857150804,-2.496948734601806,1,1,0.558477520942688
mp-555091,"Atoms(symbols='Rb8Na8Ir4O16', pbc=True, cell=[[10.98404828, 0.0, 0.0], [0.0, 6.24519128, 0.01898721], [0.0, 4.15465406, 8.84806327]], initial_magmoms=...)",0.0,-1.5308160508620654,1,1,0.9999971389770508
mp-634418,"Atoms(symbols='Na2Ca2Si2H2O8', pbc=True, cell=[[7.03456852, 0.0, 0.0], [0.0, 5.39813364, -0.00979298], [0.0, 2.43870915, 4.87948077]], initial_magmoms=...)",0.0,-2.777857603453663,1,1,0.7898827195167542
mp-8294,"Atoms(symbols='Cs4Li4Ti2O8', pbc=True, cell=[[5.78539269, -0.02227612, 0.00142264], [0.36962889, 5.88126136, 0.01349501], [2.53491732, 0.86035821, 9.02664658]], initial_magmoms=...)",0.0,-2.52706628492337,1,1,0.6740504503250122
mp-18968,"Atoms(symbols='Fe2Li4O8Si2', pbc=True, cell=[[4.9072884000000005, 0.0003244799999997383, 1.2150000000000002e-06], [0.00024900000000016576, 5.27597204, 5.765e-06], [7.8e-07, 7.42e-06, 6.26626978]], initial_magmoms=...)",0.0,-2.5611150748958327,1,1,0.8310059905052185
mp-17183,"Atoms(symbols='Na8Be4Si4O16', pbc=True, cell=[[4.93488111, 0.0, 0.0], [0.0, 7.01030643, -0.00561695], [0.0, 0.00683015, 9.88859207]], initial_magmoms=...)",0.0,-2.8047938637823275,1,1,0.9718859195709229
mp-556968,"Atoms(symbols='Na24O32Rb8Sn8', pbc=True, cell=[[-6.36267811, 6.36267823, 7.5313822], [6.36267811, -6.36267823, 7.5313822], [6.36267823, 6.36267811, -7.5313822]], initial_magmoms=...)",0.0,-1.849025692959765,1,1,0.9999958276748657
mp-19107,"Atoms(symbols='Li2Mn2V2O8', pbc=True, cell=[[-2.01954395, 4.77338724, -0.0], [-0.0, 0.0, 6.29180762], [5.18297071, 0.02433043, -0.0]], initial_magmoms=...)",0.0,-2.3694040694662815,1,0,0.09401018172502518
mp-19123,"Atoms(symbols='Rb4Li2V2O8', pbc=True, cell=[[2.92876141, -5.84556483, 0.0], [2.92876141, 5.84556483, -0.0], [-0.0, -0.0, 7.87547292]], initial_magmoms=...)",0.0,-2.365287945416667,1,1,0.6707161664962769
mp-9113,"Atoms(symbols='Cs4Be4As4O16', pbc=True, cell=[5.17260925, 8.84962436, 9.43690686], initial_magmoms=...)",0.0,-2.2909037499507385,1,1,0.9999334812164307
mp-561474,"Atoms(symbols='K24Li8O32Si8', pbc=True, cell=[[9.66668751, 0.0, 0.0], [0.0, 11.26769322, 0.02344767], [0.0, 6.11925373, 10.054373]], initial_magmoms=...)",0.0,-2.4290781825092598,1,1,0.9999991655349731
mp-562074,"Atoms(symbols='Cs8K32O32Tl8', pbc=True, cell=[6.84062137, 11.98793526, 21.45028458], initial_magmoms=...)",0.0,-1.386799292323851,1,1,1.0
mp-2677258,"Atoms(symbols='Pd2S2O8', pbc=True, cell=[[3.18013348, 3.74262913, 0.1375574], [-3.18013348, 3.74262913, 0.1375574], [0.0, 1.16217649, 7.69032139]], initial_magmoms=...)",0.0,-1.4135409595833324,1,1,0.793586254119873
mp-1020613,"Atoms(symbols='Ga8O32Rb40', pbc=True, cell=[6.94585495, 11.7879524, 21.3713488], initial_magmoms=...)",0.0,-1.6406562899999977,1,1,0.929440438747406
mp-1192417,"Atoms(symbols='Ba4Ge4Pb4O16', pbc=True, cell=[6.25566285, 7.68566832, 10.24030058], initial_magmoms=...)",0.0,-2.3473400700000004,1,1,0.9921841025352478
mp-20028,"Atoms(symbols='Fe4B4Pb4O16', pbc=True, cell=[5.97344817, 7.00442633, 8.41793253], initial_magmoms=...)",0.0,-2.083367859166665,1,1,0.6504672765731812
mp-504849,"Atoms(symbols='Cs4Li4Si2O8', pbc=True, cell=[[5.5541458, -0.0087105, 0.01288912], [0.27084137, 5.74184973, -0.00753708], [2.16161444, 0.87950407, 8.96787306]], initial_magmoms=...)",0.0,-2.469038043997445,1,1,0.671470582485199
mp-13774,"Atoms(symbols='Na12Nd12O48Si12', pbc=True, cell=[5.49237855, 9.30207881, 20.87290144], initial_magmoms=...)",0.0,-3.285259868887492,1,1,0.9999868869781494
mp-2356866,"Atoms(symbols='Pd2Se2O8', pbc=True, cell=[[3.22148884, 3.98081771, 0.12685454], [-3.22148884, 3.98081771, 0.12685454], [-0.0, 0.93372234, 7.85510891]], initial_magmoms=...)",2.1268333332713496e-05,-0.5854465452604222,1,1,0.8846386671066284
mp-17487,"Atoms(symbols='Na4Er4Ge4O16', pbc=True, cell=[5.23548754, 6.36770343, 11.30865342], initial_magmoms=...)",0.0,-2.8840801480541853,1,1,0.9983320832252502
mp-1205067,"Atoms(symbols='Fe8K8Na32O32', pbc=True, cell=[5.94682682, 10.43659066, 18.68481179], initial_magmoms=...)",0.0,-1.6226374647767314,1,1,0.9999961853027344
mp-6812,"Atoms(symbols='K4Ba4P4O16', pbc=True, cell=[5.67190848, 7.72744597, 10.02796935], initial_magmoms=...)",0.0,-3.0380814516989796,1,1,0.9761745929718018
mp-19321,"Atoms(symbols='Mn2Na12O8', pbc=True, cell=[[-0.0, -0.0, 5.84267088], [7.60764136, -0.0, -0.0], [-3.80382068, 6.58986475, -0.0]], initial_magmoms=...)",0.018346620265156766,-1.538955241473355,1,1,0.6193561553955078
mp-17375,"Atoms(symbols='K8Na12Tl4O16', pbc=True, cell=[7.67087153, 9.22094696, 9.53241038], initial_magmoms=...)",0.0,-1.4509141521971274,1,1,0.9999538660049438
mp-18873,"Atoms(symbols='Rb4Na2Mn2O8', pbc=True, cell=[[5.95661411, 0.0, 0.0], [0.0, 5.89920515, -0.00449379], [0.0, 0.37474702, 7.84616452]], initial_magmoms=...)",0.0,-1.8134179830387955,1,1,0.9620362520217896
mp-17975,"Atoms(symbols='K4Sr4P4O16', pbc=True, cell=[5.54559488, 7.34229123, 9.62658206], initial_magmoms=...)",0.0,-3.055902593127551,1,1,0.9867261648178101
mp-505040,"Atoms(symbols='Cs2K4Fe2O5', pbc=True, cell=[[-2.89614355, 5.95372938, -0.08709934], [0.02171378, 0.0349643, 6.96277833], [6.62062396, 0.0433342, -0.08710028]], initial_magmoms=...)",0.0,-1.4717829404469494,1,1,0.9999986886978149
mp-6394,"Atoms(symbols='As8O40Rb8Ti8', pbc=True, cell=[6.70833654, 10.76169787, 13.29144465], initial_magmoms=...)",0.0,-2.5553586999479174,1,1,0.9992052912712097
mp-505076,"Atoms(symbols='Ga4Ni8B4O20', pbc=True, cell=[2.96302628, 9.23252153, 12.14773694], initial_magmoms=...)",0.0,-2.003069277685185,1,1,0.9893474578857422
mp-1205054,"Atoms(symbols='Ba8Y4Co4O20', pbc=True, cell=[[0.0, 6.11339284, 0.0], [-0.00583792, 0.0, 7.90623836], [12.39925591, 0.0, -0.3595975]], initial_magmoms=...)",0.0,-2.8062715169444457,1,1,0.8856314420700073
mp-9759,"Atoms(symbols='Ba2Pr4Pd2O10', pbc=True, cell=[6.81975999, 6.81975999, 5.94093102], initial_magmoms=...)",0.0,-2.945243176759273,1,1,0.8577680587768555
mp-560297,"Atoms(symbols='Li4Ta4Si4O20', pbc=True, cell=[[7.88454521, 0.0, 0.0], [0.0, 7.44971315, 0.00765465], [0.0, 3.66891574, 6.5099041]], initial_magmoms=...)",0.0,-3.191898048833334,1,0,0.4734746515750885
mp-556993,"Atoms(symbols='Ni4Bi4P4O20', pbc=True, cell=[[5.15822084, 0.0013049, 9.6e-07], [-2.11815715, 6.86380028, 9.6e-07], [2.89e-06, 2.9e-06, 11.1879187]], initial_magmoms=...)",0.0,-2.1213104999553583,1,1,0.6673644781112671
mp-557633,"Atoms(symbols='O40Sn16W8', pbc=True, cell=[[13.83267167, 0.0, 0.0], [0.0, 8.01903255, 0.03332256], [0.0, 4.30341612, 9.7760523]], initial_magmoms=...)",0.03154800343750175,-1.9282492753124973,1,1,0.9999645948410034
mp-17387,"Atoms(symbols='Li4V4As4O20', pbc=True, cell=[6.49105087, 7.46567577, 7.47721074], initial_magmoms=...)",0.002485517812491622,-2.1811474913541673,1,1,0.9686195850372314
mp-505438,"Atoms(symbols='Ba2Gd4Pd2O10', pbc=True, cell=[6.61745461, 6.61745461, 5.89333299], initial_magmoms=...)",0.0,-3.0127915652777943,1,1,0.9671630263328552
mp-15108,"Atoms(symbols='As8O40Rb8Sn8', pbc=True, cell=[6.81924829, 10.99982614, 13.65100553], initial_magmoms=...)",0.0,-2.02005333484375,1,1,0.9999151229858398
mp-863031,"Atoms(symbols='K2Na2Gd2Ta2O10', pbc=True, cell=[[5.6651734, 1.9e-07, -0.0], [1.9e-07, 5.6651734, -0.0], [0.0, 0.0, 8.20498092]], initial_magmoms=...)",0.0,-3.112515381495865,1,1,0.9754835963249207
mp-6113,"Atoms(symbols='Li4Ti4As4O20', pbc=True, cell=[6.60488192, 7.46262207, 7.4797156], initial_magmoms=...)",0.0,-2.5565262398958337,1,1,0.9842154383659363
mp-558212,"Atoms(symbols='K2Na2Nd2Nb2O10', pbc=True, cell=[5.74250598, 5.74250598, 8.26735065], initial_magmoms=...)",0.0,-2.9990818887365895,1,1,0.963711678981781
mp-6440,"Atoms(symbols='Ca2O10Si2Ti2', pbc=True, cell=[[-4.356795575, -3.290148265, 0.008540175], [4.356795575, -3.290148265, 0.008540175], [0.0, 2.86601811, 6.44037844]], initial_magmoms=...)",0.00011766625000042552,-3.473394785729167,1,0,0.30673468112945557
mp-17522,"Atoms(symbols='K8Rb4Co4O10', pbc=True, cell=[[6.70191984, -9.97e-06, 0.0], [-9.97e-06, 6.70191984, 0.0], [0.0, 0.0, 11.67543876]], initial_magmoms=...)",0.0,-1.3949384185769227,1,1,1.0
mp-19118,"Atoms(symbols='BaNd2CoO5', pbc=True, cell=[[3.66042327, 9.656e-05, -1.05453438], [-0.74462057, 5.32851624, -2.58484227], [0.00781999, 0.00725067, 6.90631775]], initial_magmoms=...)",0.0,-3.025168484722226,1,1,0.8307315111160278
mp-6456,"Atoms(symbols='Li4Nb4Ge4O20', pbc=True, cell=[6.73904678, 7.52397345, 7.82183629], initial_magmoms=...)",0.006307666562499037,-2.6119475410416673,1,0,0.328529417514801
mp-559283,"Atoms(symbols='O80S16Ti16', pbc=True, cell=[5.25769338, 10.97964504, 26.04537353], initial_magmoms=...)",0.003161674910714396,-2.5386299896726183,1,1,0.7490872144699097
mp-1195626,"Atoms(symbols='Sr4Cd4B8O20', pbc=True, cell=[[5.09729091, 3.82131828, 0.01081409], [-5.09729091, 3.82131828, 0.01081409], [0.0, 1.78979919, 11.02848072]], initial_magmoms=...)",0.0,-2.727557230092605,1,1,0.8934953808784485
mp-18802,"Atoms(symbols='BaPr2NiO5', pbc=True, cell=[[3.72508466, 5.583e-05, -1.08797013], [-0.76751959, 5.37145427, -2.62715761], [0.00660195, 0.01426559, 6.94400467]], initial_magmoms=...)",0.0,-2.9785015256481495,1,1,0.9084556102752686
mp-1201217,"Atoms(symbols='Cs4V4Se4O20', pbc=True, cell=[[7.90841421, 0.0, 0.0], [0.0, 7.89626575, 0.01111767], [0.0, 0.41864221, 9.46794865]], initial_magmoms=...)",0.0,-1.9841084799373654,1,1,0.9848692417144775
mp-22225,"Atoms(symbols='Ce3Si3B3O15', pbc=True, cell=[[3.42590049, -5.93406244, -1.918e-05], [3.42607179, 5.93396401, 3.903e-05], [2.186e-05, 2.428e-05, 6.69212158]], initial_magmoms=...)",0.0,-3.3643669245833316,1,1,0.9950946569442749
mp-557744,"Atoms(symbols='Na4U4B4O20', pbc=True, cell=[5.80328448, 6.84230728, 10.61632663], initial_magmoms=...)",0.0,-3.151194019130747,1,1,0.6494675278663635
mp-557209,"Atoms(symbols='As2Bi2Ni2O10', pbc=True, cell=[[4.99825694, 0.0030745200000001915, -1.5419244700000014], [-1.4587684250000001, 6.083643455, -2.4500610149999993], [0.00228462500000004, -0.0016369850000002018, 6.829894735]], initial_magmoms=...)",0.0,-1.6468304953125,1,1,0.8931231498718262
mp-557135,"Atoms(symbols='V4Ag4Se4O20', pbc=True, cell=[4.07810872, 5.23564341, 20.23890639], initial_magmoms=...)",0.0,-1.5435150042513008,1,1,0.9919067621231079
mp-558317,"Atoms(symbols='K2Na2Pr2Nb2O10', pbc=True, cell=[5.76781264, 5.76781264, 8.28723383], initial_magmoms=...)",0.0,-2.9901385791995554,1,1,0.9558990597724915
mp-23642,"Atoms(symbols='V2Bi2Pb2O10', pbc=True, cell=[[5.70752021, 0.00423422, 0.04086973], [-2.72463831, 6.67993073, -0.02746674], [-0.94879691, -2.60614249, 6.61470993]], initial_magmoms=...)",0.0017623362500005513,-2.0252605040624996,1,1,0.8260111808776855
mp-1196758,"Atoms(symbols='K4Cd4B12O24', pbc=True, cell=[[6.65018375, 3.59671185, -0.0146873], [-6.65018375, 3.59671185, -0.0146873], [-0.0, 3.54612301, 11.89678529]], initial_magmoms=...)",0.0009309770622820679,-2.5510637388409068,1,1,0.9980732202529907
mp-1188494,"Atoms(symbols='Eu4Mg2Ir2O12', pbc=True, cell=[[5.48589335, 0.0, -0.00405864], [0.0, 5.60612812, 0.0], [0.00173291, 0.0, 7.78538141]], initial_magmoms=...)",0.08132544600000102,-2.624608888499999,1,1,0.999562680721283
mp-31627,"Atoms(symbols='Ba8Nb4Cr4O24', pbc=True, cell=[[2.8909238, -5.0072275, 0.0], [2.8909238, 5.0072275, 0.0], [-0.0, 0.0, 18.97580317]], initial_magmoms=...)",0.0,-3.053618194500012,1,1,0.9121235609054565
mp-12644,"Atoms(symbols='Ba2LuNbO6', pbc=True, cell=[[0.0, 4.20116305, 4.20116305], [4.20116305, 0.0, 4.20116305], [4.20116305, 4.20116305, -0.0]], initial_magmoms=...)",0.0,-3.503691805166666,1,1,0.930962085723877
mp-6494,"Atoms(symbols='K2CaC2O6', pbc=True, cell=[[6.16831876, -2.69553899, -0.04058653], [6.16831876, 2.69553899, -0.04058653], [5.02015187, 0.0, 4.48484228]], initial_magmoms=...)",0.0,-2.3877365367727275,1,1,0.9905874133110046
mp-9259,"Atoms(symbols='Ba2MgB2O6', pbc=True, cell=[[5.73870962, -2.6862278, -0.01945343], [5.73870962, 2.6862278, -0.01945343], [4.49651513, 0.0, 4.46434114]], initial_magmoms=...)",0.0,-3.1246986798484837,1,1,0.9044819474220276
mp-559053,"Atoms(symbols='Na4Y4Se8O24', pbc=True, cell=[5.39608398, 8.53326652, 12.69626348], initial_magmoms=...)",0.0,-2.185212063040588,1,1,0.9999842643737793
mp-559903,"Atoms(symbols='Na4La4Se8O24', pbc=True, cell=[[6.76563639, 0.0, 0.0], [0.0, 6.67580011, -0.00652538], [0.0, 4.10680523, 12.95554352]], initial_magmoms=...)",0.0,-2.1840023538739217,1,1,0.9983450174331665
mp-17355,"Atoms(symbols='Sr6Gd2Rh2O12', pbc=True, cell=[[4.74555698, -4.90306517, 0.00481439], [4.74555698, 4.90306517, 0.00481439], [-0.32715388, 0.0, 6.81566989]], initial_magmoms=...)",0.0,-2.8940496709090975,1,1,0.9664104580879211
mp-616601,"Atoms(symbols='Ba6In3Ru3O18', pbc=True, cell=[[2.94078823, -5.09359477, -0.0], [2.94078823, 5.09359477, 0.0], [0.0, -0.0, 14.54382178]], initial_magmoms=...)",0.0,-2.280475483833334,1,1,0.9942025542259216
mp-19420,"Atoms(symbols='Sr2MgWO6', pbc=True, cell=[[-2.78845761, 2.78845733, 3.98949252], [2.78845761, -2.78845733, 3.98949252], [2.78845733, 2.78845761, -3.98949252]], initial_magmoms=...)",0.0,-2.982575252999999,1,1,0.8137569427490234
mp-1195542,"Atoms(symbols='Rb8Li4Nd4B8O24', pbc=True, cell=[7.09884529, 9.70677857, 10.12349857], initial_magmoms=...)",0.0,-2.8482182051388882,1,1,0.9999982118606567
mp-559057,"Atoms(symbols='Nb4Tl4B8O24', pbc=True, cell=[7.43269109, 7.8288859, 9.46590527], initial_magmoms=...)",0.0,-2.6831392416666673,1,1,0.997285008430481
mp-1189915,"Atoms(symbols='Eu2Cr2Te2O12', pbc=True, cell=[[-2.5566866, -4.43781085, -0.01229969], [-2.56389174, 4.44198044, 0.00548425], [-0.01370975, -0.01999794, -10.18712294]], initial_magmoms=...)",0.0,-2.316999152962964,1,1,0.9980429410934448
mp-558021,"Atoms(symbols='K8Mo4Se4O24', pbc=True, cell=[[15.31453257, 0.0, 0.0], [0.0, 6.07749046, -0.02468801], [0.0, 2.8675583, 6.99147042]], initial_magmoms=...)",0.00013243125000617084,-1.9253260564343762,1,1,0.996160626411438
mp-542332,"Atoms(symbols='K4Cu2C4O12', pbc=True, cell=[[0.0, 5.67262561, 8.88284371], [3.03611057, 0.0, 8.88284371], [3.03611057, 5.67262561, 0.0]], initial_magmoms=...)",0.0,-1.8523556749545456,1,1,0.9969005584716797
mp-12417,"Atoms(symbols='Ba2CaReO6', pbc=True, cell=[[-2.97044147, 2.97044002, 4.21341694], [2.97044147, -2.97044002, 4.21341694], [2.97044002, 2.97044147, -4.21341694]], initial_magmoms=...)",0.0,-2.9131340077500005,1,1,0.9966233968734741
mp-6135,"Atoms(symbols='Ba2PrIrO6', pbc=True, cell=[[-0.0, 4.28761893, 4.28761997], [4.28761501, -0.0, 4.28761997], [4.28761501, 4.28761893, 0.0]], initial_magmoms=...)",0.0,-2.669464819666679,1,1,0.8161134123802185
mp-19367,"Atoms(symbols='Na2Cr2Si4O12', pbc=True, cell=[[4.35282128, 4.79280992, -0.00134485], [-4.35282147, 4.79281009, -0.00134463], [-1.6e-07, 1.61882994, 5.0281085]], initial_magmoms=...)",0.0,-2.891273708137929,1,1,0.5495499968528748
mp-1106050,"Atoms(symbols='Na2Sr4I2O12', pbc=True, cell=[[4.69067038, 0.0, -3.32559098], [0.0, 5.801741, 0.0], [4.69632539, 0.0, 6.63277559]], initial_magmoms=...)",0.0,-2.2208460861379407,1,1,0.9984083771705627
mp-17264,"Atoms(symbols='Ba4V4As4O24', pbc=True, cell=[[10.2437446, 0.0, 0.0], [0.0, 5.76068285, 0.02304678], [0.0, 0.09400737, 8.94041014]], initial_magmoms=...)",0.0,-2.452324211944444,1,1,0.9845160245895386
mp-9804,"Atoms(symbols='K2Ho2C4O12', pbc=True, cell=[[4.76844894, 4.15601223, -0.03225091], [-4.76844894, 4.15601223, -0.03225091], [0.0, 2.36090813, 6.43753318]], initial_magmoms=...)",0.0,-2.572511227225001,1,1,0.9992648959159851
mp-1188623,"Atoms(symbols='Na2Pb4I2O12', pbc=True, cell=[[4.91113546, 0.0, -3.42938874], [0.0, 5.68810081, 0.0], [4.79810474, 0.0, 6.66072801]], initial_magmoms=...)",0.0,-1.3784421916379395,1,1,0.9996646642684937
mp-18520,"Atoms(symbols='Ba4V4P4O24', pbc=True, cell=[[10.03774666, 0.0, 0.0], [0.0, 5.72127717, 0.01394606], [0.0, 0.1572512, 8.69984358]], initial_magmoms=...)",0.0,-2.8695765399603173,1,1,0.9820137619972229
mp-557940,"Atoms(symbols='K4Nd4C8O24', pbc=True, cell=[6.49085764, 8.49547253, 9.75491279], initial_magmoms=...)",0.0,-2.5442476397249996,1,1,1.0
mp-558660,"Atoms(symbols='Mg8Bi4P4O24', pbc=True, cell=[5.28336159, 7.80596954, 11.8567428], initial_magmoms=...)",0.0,-2.7128969932142852,1,1,0.9795897603034973
mp-1188719,"Atoms(symbols='Gd2Cr2Te2O12', pbc=True, cell=[[-2.5681449, -4.44759352, -0.00044947], [-2.56765607, 4.44731096, 0.00089992], [0.00017799, -0.00030825, -9.87822821]], initial_magmoms=...)",0.0,-2.519706634629628,1,1,0.87364661693573
mp-31763,"Atoms(symbols='Ca4Fe2O12Re2', pbc=True, cell=[[-5.38509171, -0.00015165, 0.01022205], [-0.00016190499999999995, -5.556545744999999, -9.530999999984857e-05], [-0.006654785, 0.00011863499999975602, 7.67747707]], initial_magmoms=...)",0.0,-2.55209609975,1,1,0.7479842901229858
mp-549737,"Atoms(symbols='Ba2CaB2O6', pbc=True, cell=[[2.73403056, 4.86363153, -0.0073078], [-2.73403056, 4.86363153, -0.0073078], [0.0, 3.30474925, 5.77653477]], initial_magmoms=...)",0.0,-3.222340921212121,1,1,0.9704086184501648
mp-6603,"Atoms(symbols='Sr4Ce2Ir2O12', pbc=True, cell=[[5.8845203, 0.0, 0.0], [0.0, 5.84289157, 0.00250162], [0.0, 5.77170774, 8.2530668]], initial_magmoms=...)",0.0,-2.838866780000001,1,1,0.9181873202323914
mp-556349,"Atoms(symbols='Rb8Mo4Se4O24', pbc=True, cell=[6.19431804, 7.79857809, 14.41127885], initial_magmoms=...)",0.0,-1.9155403932343744,1,1,0.9547319412231445
mp-554828,"Atoms(symbols='Be6Ge12Na12O36', pbc=True, cell=[[0.0, 10.73442544, 10.75618213], [3.55439761, 0.0, 10.75618213], [3.55439761, 10.73442544, 0.0]], initial_magmoms=...)",0.0,-2.32671644631139,1,1,0.9999998807907104
mp-1195032,"Atoms(symbols='Bi4Te4N4O24', pbc=True, cell=[[9.04492363, 0.0, 0.0], [0.0, 7.39394729, -0.01677765], [0.0, 3.37104517, 7.46667101]], initial_magmoms=...)",0.0,-1.3206748399074075,1,1,0.9809491038322449
mp-18705,"Atoms(symbols='Sr6Tb2Rh2O12', pbc=True, cell=[[4.72679474, -4.89805519, 0.00333501], [4.72679474, 4.89805519, 0.00333501], [-0.35351895, 0.0, 6.79768896]], initial_magmoms=...)",0.0,-2.91708698651515,1,1,0.8523219227790833
mp-23582,"Atoms(symbols='KLi6BiO6', pbc=True, cell=[[3.42947671, -4.19778341, 0.0044058], [3.42947671, 4.19778341, 0.0044058], [-1.71533786, -0.0, 5.14201699]], initial_magmoms=...)",0.0,-1.986897388017857,1,1,0.7788175344467163
mp-1078209,"Atoms(symbols='FeLa2LiO6', pbc=True, cell=[[-0.0005622599999997036, 3.1450074850000003, -4.350676475], [2.7237991500000005, -1.5729725650000002, -4.350674185], [-2.7247715899999996, -1.5728868999999994, -4.35130175]], initial_magmoms=...)",0.0,-2.759343128333332,1,0,0.4576214849948883
mp-1079705,"Atoms(symbols='Ba2LuTaO6', pbc=True, cell=[[0.0, 4.1878081, 4.1878081], [4.1878081, 0.0, 4.1878081], [4.1878081, 4.1878081, 0.0]], initial_magmoms=...)",0.0,-3.623827454899999,1,1,0.9527502655982971
mp-559706,"Atoms(symbols='Li12Gd4B8O24', pbc=True, cell=[[6.37827123, 0.0, 0.0], [0.0, 8.73461699, 0.00805875], [0.0, 4.57569733, 8.96838239]], initial_magmoms=...)",0.0,-2.9578521388194456,1,0,0.07120272517204285
mp-1106155,"Atoms(symbols='Ca4Mn2O12Re2', pbc=True, cell=[[-5.42960707, 1.191e-05, 0.03819997], [-1.617e-05, 5.61002831, 8.9e-07], [0.0298743, 4.45e-06, -7.72418205]], initial_magmoms=...)",0.0007688355309518613,-2.6534154085431068,1,1,0.879767894744873
mp-1105344,"Atoms(symbols='Dy2Cr2Te2O12', pbc=True, cell=[[5.11654733, 0.0, -0.0], [-2.55827366, 4.43106007, 0.0], [0.0, 0.0, 9.696408]], initial_magmoms=...)",0.0,-2.539788744814812,1,1,0.8828325867652893
mp-13931,"Atoms(symbols='Ba2TbReO6', pbc=True, cell=[[-0.0, 4.21683482, 4.21683482], [4.21683482, 0.0, 4.21683482], [4.21683482, 4.21683482, 0.0]], initial_magmoms=...)",0.0,-3.0296749314166633,1,1,0.9828891754150391
mp-9454,"Atoms(symbols='Sr6Mg2Ir2O12', pbc=True, cell=[[4.63349306, -4.8302515, -0.00634546], [4.6334923, 4.83025077, -0.00634671], [-0.39271478, -8.3e-07, 6.68179642]], initial_magmoms=...)",0.0,-2.6363117081818173,1,1,0.9136765599250793
mp-1193942,"Atoms(symbols='Na3Tb3Si6O18', pbc=True, cell=[[5.43726894, -0.01623816, -0.68056085], [-2.16282862, 8.02006541, -4.28518259], [0.01569155, 0.00041419, 9.68286155]], initial_magmoms=...)",0.0,-3.1860896026666676,1,1,0.7683857679367065
mp-622602,"Atoms(symbols='As8Mo8Na8O48', pbc=True, cell=[6.56412704, 10.08975698, 14.93574699], initial_magmoms=...)",0.0,-1.914508530431034,1,1,0.9999030828475952
mp-8127,"Atoms(symbols='K2MgC2O6', pbc=True, cell=[[5.89204961, -2.57993753, -0.04020793], [5.89204961, 2.57993753, -0.04020793], [4.79193358, 0.0, 4.2908405]], initial_magmoms=...)",0.0,-2.261356723590908,1,1,0.9922744631767273
mp-12427,"Atoms(symbols='Sr2TaGaO6', pbc=True, cell=[[-2.78584587, 2.7858463, 3.97087711], [2.78584587, -2.7858463, 3.97087711], [2.7858463, 2.78584587, -3.97087711]], initial_magmoms=...)",0.0,-3.173726950983305,1,0,0.41312193870544434
mp-11904,"Atoms(symbols='Li2Sm4Ir2O12', pbc=True, cell=[[5.72816714, -1.765e-05, 1.541e-05], [-1.768e-05, 5.33974896, -0.05684463], [3.77e-06, 5.16423315, 7.64290708]], initial_magmoms=...)",0.0,-2.7395427938333183,1,1,0.9988840222358704
mp-1078995,"Atoms(symbols='Sr2MgTeO6', pbc=True, cell=[[2.79793376, 4.85331487, 0.00200795], [-2.79793376, 4.85331487, 0.00200795], [0.0, 3.27107859, 4.58328292]], initial_magmoms=...)",0.0,-2.7136780126666658,1,1,0.6325027346611023
mp-1189894,"Atoms(symbols='Y4Mn2Co2O12', pbc=True, cell=[[5.22573296, 2.215e-05, 0.01784103], [2.948e-05, 5.57211432, -4.53e-06], [0.01507479, -1.387e-05, 7.47514225]], initial_magmoms=...)",0.0,-2.8320378282931022,1,1,0.9805806875228882
mp-1188898,"Atoms(symbols='Li2La2C4O12', pbc=True, cell=[[3.39720483, 3.93714747, 3.77838865], [3.39720483, -3.93714747, 3.77838865], [6.78963308, -0.0, -0.86631014]], initial_magmoms=...)",0.0,-2.5941073888333337,1,0,0.0626743733882904
mp-1105143,"Atoms(symbols='Na2In2Ge4O12', pbc=True, cell=[[4.5724636, 5.13354478, -0.01370501], [-4.5724636, 5.13354478, -0.01370501], [0.0, 1.68493704, 5.36138911]], initial_magmoms=...)",0.0,-2.127569738655173,1,1,0.8807970285415649
mp-581955,"Atoms(symbols='Cs12O84Sb12Si24', pbc=True, cell=[7.16473975, 13.63755847, 21.06560839], initial_magmoms=...)",0.0,-2.7285855894383486,1,1,0.9999481439590454
mp-510248,"Atoms(symbols='Ba4Gd8Mn8O28', pbc=True, cell=[5.56100071, 5.56100071, 19.82938477], initial_magmoms=...)",0.021928458819481023,-2.974891493405174,1,1,0.9990264177322388
mp-19926,"Atoms(symbols='La4Be4Ge2O14', pbc=True, cell=[7.67910542, 7.67910542, 4.95593186], initial_magmoms=...)",0.0,-3.269892542708334,1,1,0.9193534255027771
mp-1203462,"Atoms(symbols='Na4Ho4P8O28', pbc=True, cell=[[5.35232373, 0.0, 0.0], [0.0, 8.61441688, 0.001445], [0.0, 4.81356273, 13.06906672]], initial_magmoms=...)",0.0025872930303041386,-3.109589353924092,1,1,0.8984106183052063
mp-556630,"Atoms(symbols='Rb2Al2As4O14', pbc=True, cell=[[6.26346505, -0.00163, -0.00266139], [-1.38333265, 6.20677922, 0.01947651], [-2.0088155, -1.43858398, 7.87630311]], initial_magmoms=...)",0.0,-2.2108094786363695,1,1,0.7529220581054688
mp-554453,"Atoms(symbols='Cr12O42P12', pbc=True, cell=[[4.18564034, 10.09834314, -0.02097982], [-4.18564034, 10.09834314, -0.02097982], [0.0, 1.02572491, 9.2212812]], initial_magmoms=...)",0.0,-2.5207127765259734,1,1,0.9787938594818115
mp-1194732,"Atoms(symbols='Ba8As8O28', pbc=True, cell=[[-7.43966556, -0.00564421, -0.03540747], [-0.04984108, -7.45575843, -0.02168463], [1.61987365, 0.76050835, 13.32769911]], initial_magmoms=...)",0.0,-2.503789973181806,1,1,0.9989956021308899
mp-6016,"Atoms(symbols='Nd4Al4Ge8O28', pbc=True, cell=[[6.54036719, 0.0, 0.0], [0.0, 7.23710603, -0.00868269], [0.0, 5.90829358, 11.29349506]], initial_magmoms=...)",0.0,-2.8572142629545443,1,1,0.9944880604743958
mp-505235,"Atoms(symbols='Co4P8Pb4O28', pbc=True, cell=[[8.21306248, 0.0, 0.0], [0.0, 5.32138325, 0.00645671], [0.0, 5.29168441, 12.61361382]], initial_magmoms=...)",0.0,-2.3474440808441557,1,1,0.9945307374000549
mp-1198129,"Atoms(symbols='Nd12Ir4O28', pbc=True, cell=[[-6.64429689, 0.02392988, 0.0], [0.0, 0.0, -7.50519324], [1.86114958, -12.34594537, 0.0]], initial_magmoms=...)",0.0,-3.000106088181819,1,1,0.9999995231628418
mp-16595,"Atoms(symbols='Dy6K18O42Si12', pbc=True, cell=[[4.92833151, -8.53612102, -0.0], [4.92833151, 8.53612102, -0.0], [-0.0, -0.0, 14.33764242]], initial_magmoms=...)",0.0,-3.0757194781474313,1,1,0.9897513389587402
mp-1195759,"Atoms(symbols='Ag8P8H8O28', pbc=True, cell=[[0.0, 6.12365876, 13.74898851], [3.5336339, -0.0, 13.74898851], [3.5336339, 6.12365876, -0.0]], initial_magmoms=...)",0.0,-1.813657337893773,1,1,1.0
mp-1200892,"Atoms(symbols='Ba4Sm8Sc8O28', pbc=True, cell=[5.80286925, 5.80286925, 20.11685508], initial_magmoms=...)",0.0,-3.7746064314583028,1,1,0.9898303151130676
mp-1190820,"Atoms(symbols='Ba4Fe2Ge4O14', pbc=True, cell=[[4.29e-06, -5.845e-06, 5.507571345], [1.27e-06, -8.5262409, 2.093e-05], [8.5262321, -1.29e-06, 9.71e-06]], initial_magmoms=...)",0.0,-2.5306954406249957,1,1,0.9923043847084045
mp-541673,"Atoms(symbols='K4Fe4P8O28', pbc=True, cell=[[10.04517902, 0.0, 0.0], [0.0, 7.35040401, -0.00491929], [0.0, 2.339873, 7.86954995]], initial_magmoms=...)",0.0,-2.532474979912337,1,1,0.9682613611221313
mp-1195248,"Atoms(symbols='Cs4Cr4As8O28', pbc=True, cell=[[10.11550405, 0.0, 0.0], [0.0, 7.93734208, -0.01285051], [0.0, 2.39449574, 8.35552032]], initial_magmoms=...)",0.0,-1.9621201295141126,1,1,0.9998365640640259
mp-1019549,"Atoms(symbols='Ba4Mg8Si8O28', pbc=True, cell=[[6.34745931, 3.61858396, -0.00135152], [-6.34745931, 3.61858396, -0.00135152], [0.0, 0.0499849, 13.79641034]], initial_magmoms=...)",0.0,-3.292188313750001,1,1,0.8019358515739441
mp-561495,"Atoms(symbols='Cs4CuSi2O7', pbc=True, cell=[[6.54340267, -0.00516044, 0.01559251], [-2.47883649, 7.07672818, -0.00986621], [-2.62181447, -3.18128328, 6.2767755]], initial_magmoms=...)",0.0,-2.3781561943657414,1,1,0.9197867512702942
mp-1019543,"Atoms(symbols='Ba8Ca8O56P16', pbc=True, cell=[[10.62564362, 0.0, 0.0], [0.0, 9.55034112, -0.00606288], [0.0, 1.00448708, 12.03569319]], initial_magmoms=...)",0.0023052823863842775,-3.2132097203896097,1,1,0.9996775388717651
mp-768154,"Atoms(symbols='Na6Mg2P2C2O14', pbc=True, cell=[[6.58353652, 0.0, 0.0], [0.0, 5.10949854, -0.02825238], [0.0, 0.09364848, 8.79273659]], initial_magmoms=...)",0.0,-2.5255033387523684,1,1,0.9164093732833862
mp-19459,"Atoms(symbols='K8Mg4V8O28', pbc=True, cell=[8.38034339, 8.38034339, 11.33005932], initial_magmoms=...)",0.0,-2.5537890951666675,1,0,0.05541279539465904
mp-561535,"Atoms(symbols='Na4Lu4P8O28', pbc=True, cell=[[5.33710537, 0.0, 0.0], [0.0, 8.95504808, -0.01345386], [0.0, 6.05370276, 12.31787293]], initial_magmoms=...)",0.0,-3.1268373395301463,1,1,0.9718859195709229
mp-8614,"Atoms(symbols='K18Nd6O42Si12', pbc=True, cell=[[5.03505855, -8.72097746, -0.0], [5.03505855, 8.72097746, 0.0], [-0.0, 0.0, 14.59791178]], initial_magmoms=...)",0.0,-3.0328213864166607,1,1,0.999930739402771
mp-555117,"Atoms(symbols='Bi32Cs16O56', pbc=True, cell=[[6.53029099, 10.74271835, 0.06120512], [-6.53029099, 10.74271835, 0.06120512], [-0.0, 1.54886112, 15.89136161]], initial_magmoms=...)",0.0,-1.6919676712931042,1,1,1.0
mp-555880,"Atoms(symbols='Zn4Bi8B8O28', pbc=True, cell=[4.90135368, 10.82195796, 10.97143572], initial_magmoms=...)",0.0,-2.2136127219444433,1,1,0.9767136573791504
mp-13810,"Atoms(symbols='Na16O56Si8Ti8Zn16', pbc=True, cell=[5.17906165, 11.69168695, 20.03764549], initial_magmoms=...)",0.0005477167307672559,-2.6221242258532262,1,0,0.31111282110214233
mp-18435,"Atoms(symbols='Na4Mo4P8O28', pbc=True, cell=[[8.05210713, 0.0, 0.0], [0.0, 7.42243408, 0.02281278], [0.0, 3.64722021, 9.09140939]], initial_magmoms=...)",0.0,-2.5604659457422723,1,1,0.6786465048789978
mp-18348,"Atoms(symbols='K4Ga4P8O28', pbc=True, cell=[[9.85918401, 0.0, 0.0], [0.0, 7.33046123, -0.00187808], [0.0, 2.3734422, 7.8185751]], initial_magmoms=...)",0.0,-2.6371457912759735,1,1,0.9902915358543396
mp-16856,"Atoms(symbols='Rb4Mo4P8O28', pbc=True, cell=[[10.41572371, 0.0, 0.0], [0.0, 7.52288373, -0.0195996], [0.0, 2.319381, 8.10566938]], initial_magmoms=...)",0.0,-2.5959693385714284,1,1,0.9862046241760254
mp-18804,"Atoms(symbols='Ba2Dy2Co8O14', pbc=True, cell=[[3.14757084, -5.45190942, 0.0], [3.14770114, 5.45198516, 0.0], [0.0, 0.0, 10.25202527]], initial_magmoms=...)",0.020061765480778426,-2.0596849360897433,1,1,0.9999665021896362
mp-6290,"Atoms(symbols='Na4In4P8O28', pbc=True, cell=[[8.14440427, 0.0, 0.0], [0.0, 7.49271454, 0.02139939], [0.0, 3.70209937, 9.13116206]], initial_magmoms=...)",0.0,-2.5781361520301527,1,1,0.889720618724823
mp-651847,"Atoms(symbols='Gd4Ga4Ge8O28', pbc=True, cell=[[6.58000409, 0.0, 0.0], [0.0, 7.18250874, 0.01522966], [0.0, 5.923728, 11.34494773]], initial_magmoms=...)",0.018606887893939827,-2.5852578229545458,1,1,0.9672868847846985
mp-1195000,"Atoms(symbols='B18Cs6O42Zn12', pbc=True, cell=[[4.22142189, -9.63801579, 0.0], [4.22142189, 9.63801579, 0.0], [0.0, 0.0, 14.59351609]], initial_magmoms=...)",0.010651954679477882,-2.300201215705129,1,1,0.9999998807907104
mp-1203567,"Atoms(symbols='K4V8Se4O28', pbc=True, cell=[5.435, 6.99203425, 17.88393816], initial_magmoms=...)",0.0,-2.1217937804176263,1,1,0.9943799376487732
mp-14694,"Atoms(symbols='Ca4Cu4P8O28', pbc=True, cell=[[8.02485494, 0.0, 0.0], [0.0, 5.22938843, 0.01755063], [0.0, 4.87690281, 12.30793006]], initial_magmoms=...)",0.0,-2.629222144935064,1,1,0.7059877514839172
mp-1194523,"Atoms(symbols='Li8Ca4Ta8O28', pbc=True, cell=[5.45577495, 5.52159454, 18.1646039], initial_magmoms=...)",0.0,-3.2057865957361122,1,1,0.952397346496582
mp-1196745,"Atoms(symbols='As16O56Sr16', pbc=True, cell=[[7.13279148, 8e-08, 0.0], [-8e-08, 7.13279148, -0.0], [0.0, -0.0, 25.7357147]], initial_magmoms=...)",0.00512147999998902,-2.288480139090909,1,1,0.9992327690124512
mp-505234,"Atoms(symbols='Ba4P8Pb4O28', pbc=True, cell=[5.6363531, 9.12987411, 13.46135443], initial_magmoms=...)",0.0,-2.825178942889609,1,0,0.39460915327072144
mp-559710,"Atoms(symbols='Na4In4As8O28', pbc=True, cell=[[4.36312824, 5.16327624, 0.01165399], [-4.36312824, 5.16327624, 0.01165399], [0.0, 4.79924492, 13.10351952]], initial_magmoms=...)",0.0,-1.888996815276905,1,0,0.35119980573654175
mp-29217,"Atoms(symbols='Ge24O56Pb8', pbc=True, cell=[5.26785428, 14.13886916, 16.17126778], initial_magmoms=...)",0.03818024909090667,-2.0123611802272734,1,1,0.9999990463256836
mp-19294,"Atoms(symbols='Li2Fe2P4O14', pbc=True, cell=[[8.07703221, 0.0, 0.0], [0.0, 4.82752802, 0.03014431], [0.0, 2.27814475, 6.57827371]], initial_magmoms=...)",0.0,-2.5230212863744583,1,0,0.4244716465473175
mp-1190545,"Atoms(symbols='Ba4Mg2Ge4O14', pbc=True, cell=[8.40782169, 8.40782169, 5.5837568], initial_magmoms=...)",0.0,-2.788082486875011,1,1,0.7803278565406799
mp-1199892,"Atoms(symbols='Rb4Ge4B12O28', pbc=True, cell=[6.98405858, 9.38745139, 9.46468027], initial_magmoms=...)",0.004325527430518505,-2.6398087674999986,1,1,0.7559974193572998
mp-561315,"Atoms(symbols='Cs6Al2Ge4O14', pbc=True, cell=[[8.63744063, 4.83385134, -0.00461238], [-8.63744063, 4.83385134, -0.00461238], [0.0, 4.57552395, 6.14040405]], initial_magmoms=...)",0.0,-2.405091840112732,1,1,0.8576489090919495
mp-560217,"Atoms(symbols='K6Al6B6O21', pbc=True, cell=[[4.28662123, 7.41770772, -0.00671434], [-4.28662123, 7.41770772, -0.00671434], [-0.0, 0.005875, 8.42278104]], initial_magmoms=...)",0.0,-2.9888062550256396,1,1,0.9999963045120239
mp-17107,"Atoms(symbols='Sr4Co4P8O28', pbc=True, cell=[[8.2043628, 0.0, 0.0], [0.0, 5.33280344, 0.00701684], [0.0, 5.30239491, 12.66007987]], initial_magmoms=...)",0.0,-2.7599120117532467,1,1,0.9683213829994202
mp-541331,"Atoms(symbols='Sr4Pr2Ga2Cu4O14', pbc=True, cell=[[-2.71396043, 2.77066533, 11.57301248], [2.71396043, -2.77066533, 11.57301248], [2.71396043, 2.77066533, -11.57301248]], initial_magmoms=...)",0.010485854999999766,-2.4527599324358977,1,1,0.5696731209754944
mp-556756,"Atoms(symbols='K4Sb8P4O32', pbc=True, cell=[[3.55413631, 6.15281808, -0.0090765], [-3.55413631, 6.15281808, -0.0090765], [0.0, 1.54599692, 14.97790549]], initial_magmoms=...)",0.0,-2.2159145364077375,1,1,0.9983450174331665
mp-556120,"Atoms(symbols='RbTlS2O8', pbc=True, cell=[[8.72344072, -2.44815642, 0.00157677], [8.72344072, 2.44815642, 0.00157677], [8.03563065, 0.0, 4.18575318]], initial_magmoms=...)",0.0,-1.8347676738194447,1,1,0.6779006123542786
mp-1019782,"Atoms(symbols='K8Li4B4P8O32', pbc=True, cell=[[8.79863839, 0.0, 0.0], [0.0, 8.32367142, -0.00091491], [0.0, 7.44966382, 9.80125923]], initial_magmoms=...)",0.0,-2.7371523697346936,1,1,0.9992792010307312
mp-541350,"Atoms(symbols='K4Mo4P8O32', pbc=True, cell=[[11.73029914, 0.0, 0.0], [0.0, 5.08308328, 0.01334159], [0.0, 4.87160041, 11.52865693]], initial_magmoms=...)",0.0,-2.5177358440862885,1,1,0.9999068975448608
mp-1204495,"Atoms(symbols='Tb8Ge4B8O32', pbc=True, cell=[4.38807688, 9.24186052, 13.43383859], initial_magmoms=...)",0.0,-3.2046358510897424,1,1,0.9999988079071045
mp-699213,"Atoms(symbols='Cs2Zn4P4H2O16', pbc=True, cell=[[3.27595861, -7.96205234, 0.0], [3.27595861, 7.96205234, -0.0], [-0.0, -0.0, 7.80189737]], initial_magmoms=...)",0.0,-2.3711571742993476,1,1,0.9492005109786987
mp-14558,"Atoms(symbols='Ba8Mg4P8O32', pbc=True, cell=[[8.86387453, 0.0, 0.0], [0.0, 5.32086732, -0.00676002], [0.0, 5.15448807, 16.21297508]], initial_magmoms=...)",0.0,-3.228068539752747,1,1,0.9951889514923096
mp-556139,"Atoms(symbols='BaZrP2O8', pbc=True, cell=[[2.66475552, 4.29720119, -0.00179766], [-2.66475552, 4.29720119, -0.00179766], [0.0, 0.4467566, 7.90562146]], initial_magmoms=...)",0.0,-3.2846379157738093,1,1,0.6555565595626831
mp-559456,"Atoms(symbols='K2Nd2W4O16', pbc=True, cell=[[5.40225084, 5.11583709, 0.0243274], [-5.40225084, 5.11583709, 0.0243274], [0.0, 4.39502364, 6.09539674]], initial_magmoms=...)",0.0,-2.651969919562499,1,1,0.9975751042366028
mp-556178,"Atoms(symbols='Ba4Al8Ge8O32', pbc=True, cell=[[6.710527, 6.83000288, 0.00718467], [-6.710527, 6.83000288, 0.00718467], [-0.0, 1.68417949, 8.67980556]], initial_magmoms=...)",0.0,-2.8980707248076913,1,1,0.994594156742096
mp-555089,"Atoms(symbols='Ca4Li16O32Si8Sr4', pbc=True, cell=[4.97358828, 9.90251448, 14.02056568], initial_magmoms=...)",0.0,-3.034134418645833,1,1,0.9999773502349854
mp-9372,"Atoms(symbols='Ba2CuP2O8', pbc=True, cell=[[2.57168958, 6.11740268, 0.00928945], [-2.57168958, 6.11740268, 0.00928945], [0.0, 1.8615501, 6.66070947]], initial_magmoms=...)",0.0,-2.8720893922527466,1,1,0.8370879292488098
mp-21650,"Atoms(symbols='Li8Ni4Ge12O32', pbc=True, cell=[[8.1896388, -1.752e-05, -1.37e-06], [-1.734e-05, 8.1896299, -5.78e-06], [-1.35e-06, -5.98e-06, 8.18966278]], initial_magmoms=...)",0.0,-2.1120334031547614,1,1,0.8407825827598572
mp-21618,"Atoms(symbols='Nd4Al12Pb8O32', pbc=True, cell=[9.5406899, 9.5406899, 9.5406899], initial_magmoms=...)",0.0,-2.974225418749992,1,1,0.9998717308044434
mp-28137,"Atoms(symbols='Cl2CoO8', pbc=True, cell=[[-4.569056164999999, -0.002133140000000644, 1.4903964025], [-2.04010649, -4.0946492, 1.483273925], [-0.02672577499999962, -0.024205760000000964, 7.6654368425]], initial_magmoms=...)",0.0,-0.5571466293181822,1,1,0.9437636137008667
mp-17902,"Atoms(symbols='K6Na2Ru4O16', pbc=True, cell=[[2.97248774, 5.1094366, 0.0492434], [-2.97248774, 5.1094366, 0.0492434], [0.0, 0.25046536, 15.14535092]], initial_magmoms=...)",0.0,-1.7047794420092341,1,1,0.9980276226997375
mp-560403,"Atoms(symbols='In2Ag2W4O16', pbc=True, cell=[[5.83823876, 0.0, 0.0], [0.0, 5.05952306, -0.00685769], [0.0, 0.16311427, 10.25578596]], initial_magmoms=...)",0.02187095812498896,-1.8999733215277779,1,1,0.9739436507225037
mp-978099,"Atoms(symbols='K6Gd2P4O16', pbc=True, cell=[[5.62526637, 0.0, 0.0], [0.0, 7.38137273, -0.03660943], [0.0, 0.1828764, 9.43152194]], initial_magmoms=...)",0.0,-2.9642491132882562,1,1,0.9782188534736633
mp-555215,"Atoms(symbols='Mg4Mn2O16P4', pbc=True, cell=[[-0.024381734999999516, 0.0007942849999999998, -5.090690415], [7.661729644999999, 0.001385545, -0.5053392350000001], [-0.0014161849999991816, -8.386449715000001, 0.0013251050000002706]], initial_magmoms=...)",0.0,-2.886773445170531,1,0,0.021084841340780258
mp-1103735,"Atoms(symbols='Rb3LuP2O8', pbc=True, cell=[[5.61420589, 0.0, 0.0], [-2.80710344, 4.86204573, 0.0], [0.0, -0.0, 8.05688216]], initial_magmoms=...)",0.0,-2.9754458327465976,1,1,0.9582261443138123
mp-19490,"Atoms(symbols='Pr4Tl4Mo8O32', pbc=True, cell=[5.19739743, 8.28062285, 18.56349573], initial_magmoms=...)",0.0,-2.355368756666669,1,1,0.9991990923881531
mp-19179,"Atoms(symbols='Ba4V2Si4O16', pbc=True, cell=[8.51620479, 8.51620479, 5.25487976], initial_magmoms=...)",0.0,-3.2078688561538176,1,1,0.9997981190681458
mp-721988,"Atoms(symbols='Na2Al2Si6O16', pbc=True, cell=[[3.67303476, 6.37378279, -2.29372661], [-3.5519262, 6.37127287, 1.36408422], [-0.00910633, -0.02094626, 7.17088233]], initial_magmoms=...)",0.0,-3.2095396197214847,1,1,0.9097468256950378
mp-19362,"Atoms(symbols='FeKMo2O8', pbc=True, cell=[[2.838448365, 4.9157495, -0.00036255500000015317], [-2.839244155, 4.916205570000001, -0.0010511850000001531], [0.0008365249999999769, -0.0018063999999995417, 7.022815335000001]], initial_magmoms=...)",0.0,-2.0053008710208347,1,1,0.7592254281044006
mp-555821,"Atoms(symbols='Na4CuAs2O8', pbc=True, cell=[[4.84640234, 0.00591335, 0.00518942], [-1.60452299, 5.60856893, 0.01742803], [-0.10419699, -1.05512396, 6.84960145]], initial_magmoms=...)",0.016087371000002015,-1.8475700707011489,1,1,0.8073087334632874
mp-6081,"Atoms(symbols='Ba4Ti2Si4O16', pbc=True, cell=[8.56085271, 8.56085271, 5.23975282], initial_magmoms=...)",0.0,-3.440978604871793,1,1,0.9994705319404602
mp-17839,"Atoms(symbols='K6Na2Se4O16', pbc=True, cell=[[2.9316431, 5.03362793, -0.02742131], [-2.9316431, 5.03362793, -0.02742131], [-0.0, -0.04229669, 15.00429142]], initial_magmoms=...)",0.0,-1.7892833244869155,1,1,0.9999239444732666
mp-1197316,"Atoms(symbols='Na8Sr4Mg4P8O32', pbc=True, cell=[[5.24764277, 0.0, 0.0], [0.0, 9.15183951, -0.00723626], [0.0, 0.00158863, 13.40775744]], initial_magmoms=...)",0.0,-2.960397451753166,1,1,0.802710235118866
mp-13361,"Atoms(symbols='Cd2CuP2O8', pbc=True, cell=[[-4.78135728, 0.00874073, -0.02949198], [1.92367834, 5.28202236, -0.0105521], [-0.37962773, -1.80460163, -6.49786078]], initial_magmoms=...)",0.0,-2.138140913022,1,1,0.7046684622764587
mp-18019,"Atoms(symbols='K6Sm2P4O16', pbc=True, cell=[[5.63126931, 0.0, 0.0], [0.0, 7.3989332, -0.02298521], [0.0, 0.15385643, 9.46682805]], initial_magmoms=...)",0.0,-2.9708001890025435,1,1,0.9588471055030823
mp-643658,"Atoms(symbols='Na3MgP2HO8', pbc=True, cell=[[5.14209631, 0.01794887, 0.0079738], [-2.39413011, 4.60296351, 0.00121603], [-0.19637712, -0.1585206, 6.76917719]], initial_magmoms=...)",0.0,-2.6009854606449094,1,1,0.8330531716346741
mp-1196233,"Atoms(symbols='Eu4Al12Pb8O32', pbc=True, cell=[[9.49492529, -3.765e-05, 3.393e-05], [-3.765e-05, 9.49492529, 3.393e-05], [3.362e-05, 3.362e-05, 9.49491824]], initial_magmoms=...)",0.04202267108926527,-2.8466177687499865,1,1,0.999651312828064
mp-19139,"Atoms(symbols='Mg4Mo6O16', pbc=True, cell=[[2.87749712, -4.98397065, -0.0], [2.87749712, 4.98397065, 0.0], [0.0, 0.0, 10.34168717]], initial_magmoms=...)",0.046332940384615995,-2.2854218007692313,1,1,0.7371581792831421
mp-1197959,"Atoms(symbols='Cs4Sb8P4O32', pbc=True, cell=[[3.59640674, 9.13553968, 0.0005731], [-3.59640674, 9.13553968, 0.0005731], [-0.0, 6.96356152, 11.83611522]], initial_magmoms=...)",0.0,-2.2212855053581695,1,1,0.9975844621658325
mp-1020647,"Atoms(symbols='Sr8Li4Be4B12O32', pbc=True, cell=[[6.49144193, 0.0, 0.0], [0.0, 8.6009467, 0.01498769], [0.0, 3.72033198, 12.3220748]], initial_magmoms=...)",0.0,-3.0829029833889168,1,1,0.9975274205207825
mp-541211,"Atoms(symbols='K4La4Cr8O32', pbc=True, cell=[[7.47950005, 0.0, 0.0], [0.0, 8.68040467, 0.00654909], [0.0, 0.4804212, 11.03305111]], initial_magmoms=...)",0.0,-2.3512098460208413,1,1,0.9943799376487732
mp-555965,"Atoms(symbols='Li12O48Sn18Zn6', pbc=True, cell=[[5.25574401, -9.11412574, 0.0], [5.25574401, 9.11412574, 0.0], [0.0, 0.0, 9.91092506]], initial_magmoms=...)",0.0,-2.13064386595238,1,0,0.020685460418462753
mp-542871,"Atoms(symbols='Rb4P8W4O32', pbc=True, cell=[[11.96874402, 0.0, 0.0], [0.0, 5.09767116, 0.01628818], [0.0, 4.96590483, 11.76271298]], initial_magmoms=...)",0.0,-2.5534734568154747,1,1,0.9991704225540161
mp-555561,"Atoms(symbols='Ba2U2Si4O16', pbc=True, cell=[[2.84469805, -8.2296759, -0.0], [2.84469805, 8.2296759, 0.0], [-0.0, -0.0, 7.64267449]], initial_magmoms=...)",0.018069972152776614,-3.4495222945833324,1,1,0.9840936064720154
mp-1197137,"Atoms(symbols='Nd8Ge4B8O32', pbc=True, cell=[4.48456326, 9.49397587, 13.7513183], initial_magmoms=...)",0.0,-3.164194196987178,1,1,0.9999912977218628
mp-559744,"Atoms(symbols='K4V4I8O32', pbc=True, cell=[[5.19883116, 0.0, 0.0], [0.0, 9.41347516, -0.06584557], [0.0, 5.52207858, 15.13098932]], initial_magmoms=...)",0.0,-1.4760972247708348,1,1,0.9933071732521057
mp-555259,"Atoms(symbols='U4Te8Pb4O32', pbc=True, cell=[[7.03288396, 0.0, 0.0], [0.0, 7.76254216, -0.02781624], [0.0, 1.18297454, 13.84478209]], initial_magmoms=...)",0.0,-2.2535770209027777,1,1,0.8908652067184448
mp-504506,"Atoms(symbols='RbInMo2O8', pbc=True, cell=[[2.92379037, -5.0641537, 0.0], [2.92379037, 5.0641537, -0.0], [-0.0, -0.0, 7.58803753]], initial_magmoms=...)",0.0,-2.0757265170138886,1,1,0.5337924361228943
mp-30547,"Atoms(symbols='Cr3O8Rb', pbc=True, cell=[[5.07125136, 0.00086241, 0.43243226], [2.14583482, 4.59487977, 0.43243799], [-0.00854419, -0.0054024, 7.986185525]], initial_magmoms=...)",0.0,-1.9458002047916665,1,1,0.8010035157203674
mp-1190561,"Atoms(symbols='K2Tb2W4O16', pbc=True, cell=[[5.21492299, 5.35019812, 0.07829427], [-5.21492299, 5.35019812, 0.07829427], [-0.0, 4.83612574, 5.77314484]], initial_magmoms=...)",0.0,-2.6747216049097227,1,1,0.8777913451194763
mp-1201858,"Atoms(symbols='Cs8Bi4P4W4O32', pbc=True, cell=[[-3.58401216, 6.30092507, 10.7110305], [3.58401216, -6.30092507, 10.7110305], [3.58401216, 6.30092507, -10.7110305]], initial_magmoms=...)",0.0,-2.3488151106887085,1,1,0.68804931640625
mp-15003,"Atoms(symbols='Ca12Hf4Si8O36', pbc=True, cell=[[10.13786068, 0.0, 0.0], [0.0, 7.35868361, -0.00324712], [0.0, 0.23711638, 10.41971262]], initial_magmoms=...)",0.0,-3.4518203764999993,1,0,0.07850097864866257
mp-1198275,"Atoms(symbols='Pr4V8I4O36', pbc=True, cell=[7.051149, 7.24510842, 14.54448389], initial_magmoms=...)",0.0,-2.294682674935898,1,1,0.9999767541885376
mp-6663,"Atoms(symbols='Na4Li4Ge16O36', pbc=True, cell=[4.68067905, 9.34045158, 15.93622022], initial_magmoms=...)",0.015615330333318411,-2.169110450314189,1,1,0.9983385801315308
mp-557349,"Atoms(symbols='Mn6Nb4Zn2O18', pbc=True, cell=[[2.64406538, -4.5796553, 0.0], [2.64406538, 4.5796553, -0.0], [0.0, -0.0, 14.32012908]], initial_magmoms=...)",0.02081200388889215,-2.484092907752872,1,0,0.12624557316303253
mp-1192446,"Atoms(symbols='Pb4Se2N4O18', pbc=True, cell=[5.48916173, 7.2929014, 10.31421434], initial_magmoms=...)",0.0,-1.2092544257031252,1,1,0.998848557472229
mp-557111,"Atoms(symbols='Sr12Ca4Ru8O36', pbc=True, cell=[[5.72960894, 0.0, 0.0], [0.0, 9.88323269, -0.00173467], [0.0, 0.01159672, 14.04632582]], initial_magmoms=...)",0.0,-2.360793478166668,1,1,0.9991638660430908
mp-22472,"Atoms(symbols='Ba6Cu2Ru4O18', pbc=True, cell=[[2.8372692, -5.13868528, -2.412e-05], [2.8372692, 5.13868528, 2.412e-05], [-0.0, 6.756e-05, 14.22149267]], initial_magmoms=...)",0.0,-2.1150544731666665,1,1,0.999276340007782
mp-562172,"Atoms(symbols='Co4Ag4N12O36', pbc=True, cell=[[7.28487819, 0.0, 0.0], [0.0, 7.4530555, 0.02305844], [0.0, 6.80754814, 12.69256787]], initial_magmoms=...)",0.0,-0.8459843633333222,1,1,0.9890553951263428
mp-559894,"Atoms(symbols='O72Sb16Te16', pbc=True, cell=[[4.86783921, 0.0, 0.0], [0.0, 14.65382015, -0.00856804], [0.0, 7.30042044, 20.70259606]], initial_magmoms=...)",0.0,-1.6707627450641023,1,1,0.9998706579208374
mp-22363,"Atoms(symbols='Ba6Ni2Ru4O18', pbc=True, cell=[[2.88368153, -4.99468313, -0.0], [2.88368153, 4.99468313, 0.0], [0.0, -0.0, 14.14538841]], initial_magmoms=...)",0.0,-2.1837847218333386,1,1,0.999220609664917
mp-1197457,"Atoms(symbols='Rb4Ba4Sc4Si12O36', pbc=True, cell=[[10.24022953, 0.0, 0.0], [0.0, 6.98204864, -0.00310335], [0.0, 6.96724146, 11.88892998]], initial_magmoms=...)",0.0,-3.341587677833333,1,1,0.9988883137702942
mp-1198049,"Atoms(symbols='B12Li24Nd4O36', pbc=True, cell=[[16.52549965, 0.0, 0.0], [0.0, 6.71038082, -0.00952073], [0.0, 1.91728, 6.9970255]], initial_magmoms=...)",0.0,-2.7976566351315784,1,1,0.995075523853302
mp-14385,"Atoms(symbols='B18Ba18O54Tm6', pbc=True, cell=[[4.71400856, -8.16490287, 0.0], [4.71400856, 8.16490287, -0.0], [-0.0, 0.0, 17.53002582]], initial_magmoms=...)",0.0,-3.3133090227083186,1,1,1.0
mp-554773,"Atoms(symbols='La6B2W2O18', pbc=True, cell=[[4.42253488, -7.66005056, 0.0], [4.42253086, 7.66005288, -0.0], [0.0, 0.0, 5.61262916]], initial_magmoms=...)",0.0,-3.3854171186904756,1,1,0.7299049496650696
mp-17562,"Atoms(symbols='Sr6Sc2B6O18', pbc=True, cell=[[4.65528994, -6.06258064, 0.00936793], [4.65528734, 6.06258263, 0.0093702], [-3.25391174, -1.99e-06, 6.91655729]], initial_magmoms=...)",0.0,-3.3269575684375,1,1,0.9910838603973389
mp-18910,"Atoms(symbols='Ba2V8O18', pbc=True, cell=[[4.90648692, 0.0, 0.0], [0.0, 7.86737425, 0.00757441], [0.0, 3.51435843, 8.72747696]], initial_magmoms=...)",0.0508895567410832,-2.6281407305357143,1,1,0.9345147609710693
mp-1193329,"Atoms(symbols='Mn4Cr2Pb4O18', pbc=True, cell=[[4.95012576, -0.00526829, -0.80813006], [-2.56694283, 7.1054481, -0.24300388], [0.03867321, 0.04188006, 10.34554063]], initial_magmoms=...)",0.0,-1.7506744805972352,1,1,0.8908652067184448
mp-17448,"Atoms(symbols='Ba6Ca2Ir4O18', pbc=True, cell=[[5.13462333, 2.96526518, -0.02084504], [-5.13462333, 2.96526518, -0.02084504], [0.0, 0.22753143, 14.59315535]], initial_magmoms=...)",0.0,-2.3771847174999965,1,1,0.9999496936798096
mp-1203598,"Atoms(symbols='Cs4Mo4P8H4O36', pbc=True, cell=[[14.14023455, 0.0, 0.0], [0.0, 6.26616493, -0.01968987], [0.0, 1.73350917, 9.61049039]], initial_magmoms=...)",0.0,-2.3450238957279197,1,1,0.9991864562034607
mp-1019733,"Atoms(symbols='Eu4N12O36', pbc=True, cell=[[6.30790555, 0.0, 0.0], [0.0, 9.93728624, 0.03176909], [0.0, 0.53488379, 11.06463304]], initial_magmoms=...)",0.0,-1.3186077096153856,1,1,0.9998944997787476
mp-1194479,"Atoms(symbols='Na6Y2C6O18', pbc=True, cell=[[3.50519933, -5.42415581, -0.0], [3.50519933, 5.42415581, 0.0], [0.0, 0.0, 9.84676872]], initial_magmoms=...)",0.0,-2.3712704043211144,1,1,0.9998247027397156
mp-560535,"Atoms(symbols='K8Sr2Si6O18', pbc=True, cell=[[3.97366855, -5.96226112, 0.0], [3.97366855, 5.96226112, 0.0], [0.0, 0.0, 10.9991351]], initial_magmoms=...)",0.007857276764706711,-2.902001726558823,1,1,0.9641192555427551
mp-560642,"Atoms(symbols='Na12Sb4P8O36', pbc=True, cell=[6.97953966, 9.24919896, 12.3113329], initial_magmoms=...)",0.0,-2.464688263061576,1,1,0.9930423498153687
mp-540634,"Atoms(symbols='Ta2Tl2Ge6O18', pbc=True, cell=[[3.51850427, -6.09422861, 0.0], [3.51850427, 6.09422861, -0.0], [0.0, -0.0, 10.22177859]], initial_magmoms=...)",0.02091938830352902,-2.058846494095239,1,1,0.8929365277290344
mp-866313,"Atoms(symbols='Ba6In2B6O18', pbc=True, cell=[[4.85601059, -6.41159315, 0.00941605], [4.85601041, 6.41159329, 0.00941621], [-3.62338935, -1.4e-07, 7.18056419]], initial_magmoms=...)",0.0,-2.969464798541666,1,1,0.9992620348930359
mp-561554,"Atoms(symbols='K8Mo4As8O36', pbc=True, cell=[[13.9050343, 0.0, 0.0], [0.0, 7.45243296, -0.00444144], [0.0, 4.18396792, 8.5818033]], initial_magmoms=...)",0.0,-1.9537296067499992,1,1,0.9997997879981995
mp-1200323,"Atoms(symbols='Na12Nb4As8O36', pbc=True, cell=[[8.46195509, 0.0, 0.0], [0.0, 9.67597583, -0.03802979], [0.0, 3.44744633, 10.03028348]], initial_magmoms=...)",0.0,-2.2164759349425536,1,1,0.840520977973938
mp-557372,"Atoms(symbols='Ge24O54Rb12', pbc=True, cell=[[6.06947129, -10.51263348, 0.0], [6.06947129, 10.51263348, -0.0], [0.0, -0.0, 9.89273423]], initial_magmoms=...)",0.0,-2.150126587499999,1,1,0.9713473320007324
mp-6641,"Atoms(symbols='Ba6Sr2Ru4O18', pbc=True, cell=[[5.17621961, 3.00648424, -0.00991835], [-5.17621961, 3.00648424, -0.00991835], [0.0, 0.50697696, 15.17896751]], initial_magmoms=...)",0.0,-2.429990696833309,1,1,0.9907320141792297
mp-1194834,"Atoms(symbols='Ba2Sc4Si6O20', pbc=True, cell=[[11.96830635, 0.0, 0.0], [0.0, 5.2906761, 0.01417829], [0.0, 1.93876544, 6.32273284]], initial_magmoms=...)",0.0,-3.545640817812499,1,1,0.7108290791511536
mp-728301,"Atoms(symbols='K4Mn2C8O20', pbc=True, cell=[[3.87239812, -5.92493487, 0.0], [3.87239812, 5.92493487, -0.0], [0.0, -0.0, 10.18096654]], initial_magmoms=...)",0.43932638485294184,-1.5195980730841792,1,1,0.9999538660049438
mp-1197087,"Atoms(symbols='Mn12B4P4O40', pbc=True, cell=[5.88017453, 7.36543921, 14.639808], initial_magmoms=...)",0.27854527433332077,-1.91781602000684,1,0,0.007093862164765596
mp-19508,"Atoms(symbols='Cr4O40Si16Sr4', pbc=True, cell=[[7.46077479, -3.9e-07, -0.0], [-3.6e-07, 7.46077608, 0.0], [-0.0, 0.0, 15.6288232]], initial_magmoms=...)",0.0,-3.1675420946875015,1,1,0.9934101700782776
mp-1195744,"Atoms(symbols='Ba2Er4Si6O20', pbc=True, cell=[[12.15649464, 0.0, 0.0], [0.0, 5.37945304, 0.00955425], [0.0, 1.9437153, 6.53927914]], initial_magmoms=...)",0.0,-3.614767284999999,1,1,0.996434211730957
mp-555568,"Atoms(symbols='K8O40Si16Zn4', pbc=True, cell=[7.06343979, 10.05551609, 14.03987185], initial_magmoms=...)",0.0,-2.943573028352941,1,1,0.9999798536300659
mp-703308,"Atoms(symbols='H4Cs4Ga4O40P12', pbc=True, cell=[4.96888259, 11.77893033, 15.66310439], initial_magmoms=...)",0.0004463564062504588,-2.523264393739609,1,1,0.9981541037559509
mp-555794,"Atoms(symbols='Na2Mg4V6O20', pbc=True, cell=[[6.73943301, -0.01176551, -0.01030846], [-1.37601362, 6.62591318, 0.00015216], [-1.7144849, -2.86354163, 9.00090482]], initial_magmoms=...)",0.0,-2.583568591961207,1,1,0.9727790951728821
mp-19510,"Atoms(symbols='V8Cd4P8O40', pbc=True, cell=[[5.16478881, 0.0, -0.24850939], [0.0, 7.95844, 0.0], [-0.00060718, 0.0, 17.20972481]], initial_magmoms=...)",0.009613933999987445,-2.4780572621190475,1,1,0.9901401400566101
mp-1198031,"Atoms(symbols='B8Mg20O40Sn4', pbc=True, cell=[[3.05688052, 9.35256538, 0.0053588], [-3.05688052, 9.35256538, 0.0053588], [-0.0, 9.34526178, 12.38012657]], initial_magmoms=...)",0.0,-2.8988794562962954,1,1,0.9997546076774597
mp-560158,"Atoms(symbols='B20Na12O40Zn4', pbc=True, cell=[[18.14018515, 0.0, 0.0], [0.0, 6.4603328, -0.04228358], [0.0, 3.26559655, 7.19146241]], initial_magmoms=...)",0.0,-2.61868538934062,1,1,0.9695556163787842
mp-558998,"Atoms(symbols='Cu4K8O40Si16', pbc=True, cell=[[8.24520298, 0.0, 0.0], [0.0, 11.05115484, 0.00523523], [0.0, 4.04741338, 10.54839872]], initial_magmoms=...)",0.0019636392647024437,-2.8101705160000012,1,1,0.9999344348907471
mp-1202669,"Atoms(symbols='Li4Cu2B8Pb4O20', pbc=True, cell=[[2.40559325, 8.36854955, 0.05887836], [-2.40559325, 8.36854955, 0.05887836], [-0.0, 7.96888506, 11.40553218]], initial_magmoms=...)",0.00747321988723737,-2.334053084122795,1,1,0.9632996320724487
mp-560478,"Atoms(symbols='Ba2Y4Si6O20', pbc=True, cell=[[12.19849748, 0.0, 0.0], [0.0, 5.41949079, 0.00777669], [0.0, 1.94351362, 6.58885133]], initial_magmoms=...)",0.0,-3.5856836978125006,1,1,0.9975560903549194
mp-866712,"Atoms(symbols='Rb2Mn2P6H2O20', pbc=True, cell=[[6.09849186, 4.28015078, 0.02014446], [-6.09781762, 4.27912932, -0.02010001], [-2.58996521, -0.00017204, 8.42564344]], initial_magmoms=...)",0.0,-2.4767780797256,1,1,0.7784809470176697
mp-1200969,"Atoms(symbols='B12N4O40Pb12', pbc=True, cell=[8.00912257, 10.36721178, 11.09580079], initial_magmoms=...)",0.0,-2.023081635588237,1,1,0.9999747276306152
mp-1197749,"Atoms(symbols='Ba2Gd4Si6O20', pbc=True, cell=[[12.25364832, 0.0, 0.0], [0.0, 5.45021915, 0.00547986], [0.0, 1.95209976, 6.66680744]], initial_magmoms=...)",0.0,-3.5649893287499994,1,1,0.9793540239334106
mp-1204838,"Atoms(symbols='Rb8U4Cr8O40', pbc=True, cell=[[8.0956663, -0.02849688, -0.02704828], [-0.69592716, 10.32449593, -0.05627798], [-3.87652406, -3.22564255, 12.77631273]], initial_magmoms=...)",0.0,-2.38311795966668,1,1,0.9937345385551453
mp-728030,"Atoms(symbols='K6Cr6As3H3O30', pbc=True, cell=[[3.84431519, -6.6585442, 0.0], [3.84431081, 6.65854672, 0.0], [0.0, 0.0, 14.43606371]], initial_magmoms=...)",0.009008406653643775,-1.7876051528072914,1,1,0.9997950196266174
mp-541929,"Atoms(symbols='Fe4O44P12Si4', pbc=True, cell=[[13.26038516, -4.15307389, 0.00926073], [13.26038516, 4.15307389, 0.00926073], [11.95472642, 0.0, 7.08310928]], initial_magmoms=...)",0.0,-2.632129596651785,1,1,0.8441522121429443
mp-557786,"Atoms(symbols='Ca2Nb4P4O22', pbc=True, cell=[[5.41778538, 7.51040687, 0.00988246], [-5.41778538, 7.51040687, 0.00988246], [0.0, 0.3391286, 5.23587376]], initial_magmoms=...)",0.0,-3.0542163866741063,1,1,0.6916015148162842
mp-559244,"Atoms(symbols='Mn4O44P12Sr8', pbc=True, cell=[[6.84213021, 0.0, 0.0], [0.0, 6.65604443, -0.01238885], [0.0, 3.11273967, 18.83753416]], initial_magmoms=...)",0.0,-2.958579940991684,1,1,0.5161991715431213
mp-16393,"Atoms(symbols='Mo16O44Y16', pbc=True, cell=[5.65273747, 10.6862241, 15.84593136], initial_magmoms=...)",0.24478567264803708,-2.659210475,1,1,0.9999861717224121
mp-1200253,"Atoms(symbols='Cs2Mo2N6O22', pbc=True, cell=[[4.14254545, 6.47020998, 0.0812836], [-4.14254545, 6.47020998, 0.0812836], [-0.0, 4.01404464, 9.13347572]], initial_magmoms=...)",0.0,-1.2432912260721984,1,1,0.9576753973960876
mp-730460,"Atoms(symbols='Na10H6C8O24', pbc=True, cell=[[3.40452736, 0.00525543, 0.00231921], [-0.86623868, 9.95313155, 0.01100599], [-1.47309305, -4.86985568, 14.59527339]], initial_magmoms=...)",0.0,-1.9052298033602721,1,1,0.99988853931427
mp-1204562,"Atoms(symbols='Y4Mo2Se6O24', pbc=True, cell=[[6.50566159, -0.00199887, -0.001044], [0.42466926, 7.06721661, -0.00067926], [3.12551419, 0.78615709, 10.26502261]], initial_magmoms=...)",0.0,-2.2413584520572893,1,1,0.9989758729934692
mp-1198721,"Atoms(symbols='Rb4Mo6Se2O24', pbc=True, cell=[[3.64827358, -6.31899438, 0.0], [3.64827375, 6.31899428, -0.0], [0.0, -0.0, 12.03066108]], initial_magmoms=...)",0.0,-1.9541585381857627,1,1,0.971563994884491
mp-18353,"Atoms(symbols='Cs4Mo6Se2O24', pbc=True, cell=[[7.32227198, -4.1e-07, 0.0], [-3.66113516, 6.34127351, -0.0], [0.0, 0.0, 12.4921409]], initial_magmoms=...)",0.0,-1.966175995091868,1,1,0.9532750844955444
mp-21957,"Atoms(symbols='K4Ni16O48P12', pbc=True, cell=[6.1289916, 9.45731584, 16.17895347], initial_magmoms=...)",0.0,-2.184178828558926,1,1,0.9771101474761963
mp-645272,"Atoms(symbols='Tl2V6Se4O24', pbc=True, cell=[[3.54758732, -6.14459511, -0.0], [3.54758205, 6.14459815, -0.0], [0.0, 0.0, 11.55669746]], initial_magmoms=...)",0.0,-1.8613767837789352,1,1,0.9846346974372864
mp-6525,"Atoms(symbols='Na2Sn4P6O24', pbc=True, cell=[[7.85761964, -4.29341849, -0.00973936], [7.85762015, 4.29341755, -0.0097409], [5.52043932, 9.4e-07, 7.04985676]], initial_magmoms=...)",0.0,-2.5263144944615346,1,0,0.38029852509498596
mp-1195488,"Atoms(symbols='Sr2Fe2Ni4P6O24', pbc=True, cell=[[-3.25073456, 5.1864654, 6.5614457], [3.25073456, -5.1864654, 6.5614457], [3.25073456, 5.1864654, -6.5614457]], initial_magmoms=...)",0.0,-2.487503935733081,1,1,0.9383503198623657
mp-558986,"Atoms(symbols='Ca4Mn24O48Si4', pbc=True, cell=[[-4.73596016, 4.73596016, 9.4348362], [4.73596016, -4.73596016, 9.4348362], [4.73596016, 4.73596016, -9.4348362]], initial_magmoms=...)",0.0,-2.3827041903793416,1,1,0.9999984502792358
mp-11673,"Atoms(symbols='O48Sc8Se12', pbc=True, cell=[[9.23549097, 0.0, 0.0], [0.0, 8.90839093, -0.03112101], [0.0, 8.69494242, 12.43282009]], initial_magmoms=...)",0.0,-1.9968340361488952,1,1,0.9997584223747253
mp-558828,"Atoms(symbols='K3Nb3B2O12', pbc=True, cell=[[4.42967368, -7.67241943, -0.0], [4.42967368, 7.67241943, -0.0], [0.0, 0.0, 3.97555551]], initial_magmoms=...)",0.0,-2.8749838005041655,1,1,0.9939261078834534
mp-1195665,"Atoms(symbols='Na2Mg6P6H4O24', pbc=True, cell=[[-0.01226008, 0.0, -6.48458398], [-5.369931, -6.00594745, 2.3680653], [-5.369931, 6.00594745, 2.3680653]], initial_magmoms=...)",0.0,-2.711765507752756,1,1,0.95413738489151
mp-555230,"Atoms(symbols='Ga4O48Rb8Si16Y4', pbc=True, cell=[[3.63611956, 13.46587018, 0.00382666], [-3.63611956, 13.46587018, 0.00382666], [-0.0, 8.15169546, 12.45495259]], initial_magmoms=...)",0.0,-3.133958197749999,1,1,0.9990187883377075
mp-19516,"Atoms(symbols='Al8O48W12', pbc=True, cell=[[9.16478393, 0.0, 0.0], [0.0, 9.08702108, 0.00054444], [0.0, 9.09490549, 12.60892624]], initial_magmoms=...)",0.05974144257355363,-2.4915203049999963,1,1,0.85500568151474
mp-1106249,"Atoms(symbols='Ba4CoRe2O12', pbc=True, cell=[[9.45141353, -2.8672882, -0.00122985], [9.45141346, 2.86728667, -0.0012277], [8.58219577, 1.07e-06, 4.88840228]], initial_magmoms=...)",0.0,-2.625236632894737,1,1,0.9911527037620544
mp-1019789,"Atoms(symbols='B4K12O48S12', pbc=True, cell=[[-3.50817658, 7.12241844, 11.24353749], [3.50817658, -7.12241844, 11.24353749], [3.50817658, 7.12241844, -11.24353749]], initial_magmoms=...)",0.0,-2.20949252557456,1,0,0.40874868631362915
mp-1198622,"Atoms(symbols='Hf8La12Li28O48', pbc=True, cell=[[-6.53547305, 6.53547305, 6.25039334], [6.53547305, -6.53547305, 6.25039334], [6.53547305, 6.53547305, -6.25039334]], initial_magmoms=...)",0.009968351718751656,-3.1829577687847213,1,0,0.04296246916055679
mp-1020716,"Atoms(symbols='B4O48Rb12S12', pbc=True, cell=[[-3.6203626, 7.3746681, 11.38719159], [3.6203626, -7.3746681, 11.38719159], [3.6203626, 7.3746681, -11.38719159]], initial_magmoms=...)",0.0,-2.2107581092982453,1,1,0.9999501705169678
mp-1198898,"Atoms(symbols='Cs2Th4P6O24', pbc=True, cell=[[3.49151073, 8.98341805, -0.02988614], [-3.49151073, 8.98341805, -0.02988614], [-0.0, 1.87298296, 7.95404763]], initial_magmoms=...)",0.0,-3.3418230074213175,1,1,0.7690802216529846
mp-559938,"Atoms(symbols='Li2V6Te4O24', pbc=True, cell=[[6.18423844, 0.02971729, -0.00180381], [-1.79538139, 6.88446466, -0.04136007], [-0.60398729, -0.5005605, 10.63387419]], initial_magmoms=...)",0.0,-2.0639558570370378,1,0,0.17638768255710602
mp-1195778,"Atoms(symbols='K4Mn6As6O24', pbc=True, cell=[[6.51739821, 6.17839605, 0.00200386], [-6.51739821, 6.17839605, 0.00200386], [-0.0, 2.7927103, 6.41594242]], initial_magmoms=...)",0.0,-1.9768421457896537,1,1,0.9968884587287903
mp-22804,"Atoms(symbols='Na6In4As6O24', pbc=True, cell=[[6.61723787, 6.2821114, -0.00082745], [-6.61723787, 6.2821114, -0.00082745], [-0.0, 2.77126433, 6.28431938]], initial_magmoms=...)",0.0,-1.9727326129985627,1,1,0.9945307374000549
mp-15600,"Atoms(symbols='Ca8K8O48S12', pbc=True, cell=[10.07824682, 10.30073088, 10.48149714], initial_magmoms=...)",0.0,-2.5262309811578936,1,1,0.9622496962547302
mp-6115,"Atoms(symbols='K8O48S12Zn8', pbc=True, cell=[9.89983554, 9.89983554, 9.89983554], initial_magmoms=...)",0.011214968421062288,-2.0203869714210527,1,1,0.8991213440895081
mp-15282,"Atoms(symbols='As12Mn16O48Rb4', pbc=True, cell=[6.53612281, 10.12307781, 17.43371948], initial_magmoms=...)",0.0,-1.9783585133362132,1,1,0.9369805455207825
mp-12436,"Atoms(symbols='Mn8O48Rb8S12', pbc=True, cell=[10.19025014, 10.1902518, 10.19025126], initial_magmoms=...)",0.0,-2.144715425834846,1,1,0.9999151229858398
mp-554853,"Atoms(symbols='Na8Si6Sn4O24', pbc=True, cell=[[7.72007464, -4.53454181, -0.02271543], [7.72007464, 4.53454181, -0.02271543], [5.07838403, -0.0, 7.37374802]], initial_magmoms=...)",0.004773580238095043,-2.608754809786536,1,0,0.4268590807914734
mp-560339,"Atoms(symbols='Ca4Zr2Si8O24', pbc=True, cell=[[13.70737831, 0.0, 0.0], [0.0, 5.32767655, 0.00279802], [0.0, 2.40626482, 7.02517091]], initial_magmoms=...)",0.0061855486842095075,-3.446440883421052,1,1,0.8311430811882019
mp-553949,"Atoms(symbols='Ag4Hg4Te6O24', pbc=True, cell=[[6.18582582, 0.0, 0.0], [0.0, 6.49098476, 0.01108404], [0.0, 5.58572942, 13.14259984]], initial_magmoms=...)",0.0,-1.1023184170175426,1,1,0.999180018901825
mp-542292,"Atoms(symbols='Mn6Ag2As6H4O24', pbc=True, cell=[[6.3288166, 6.17232461, -0.01417432], [-6.3288166, 6.17232461, -0.01417432], [0.0, 2.75143933, 6.34051893]], initial_magmoms=...)",0.0,-1.713328295974274,1,1,0.9936856627464294
mp-3384,"Atoms(symbols='Al20Er12O48', pbc=True, cell=[[-5.96169057, 5.96169057, 5.96169057], [5.96169057, -5.96169057, 5.96169057], [5.96169057, 5.96169057, -5.96169057]], initial_magmoms=...)",0.0,-3.7096353017500006,1,0,0.48291683197021484
mp-12226,"Atoms(symbols='Na4Nd4O48P16', pbc=True, cell=[[13.1193034, 0.0, 0.0], [0.0, 7.18563012, -0.01031814], [0.0, 7.09975728, 9.92579429]], initial_magmoms=...)",0.0,-2.89923556930279,1,1,0.974628746509552
mp-6433,"Atoms(symbols='K2Nd2P8O24', pbc=True, cell=[[8.45097464, 0.0, 0.0], [0.0, 7.28163374, 0.01271242], [0.0, 0.25693485, 8.00179083]], initial_magmoms=...)",0.0,-2.91155564212894,1,1,0.996160626411438
mp-555776,"Atoms(symbols='K12Mo12O48Sc4', pbc=True, cell=[9.38062564, 10.91916168, 13.68100805], initial_magmoms=...)",0.0,-2.404871608776343,1,1,0.9997546076774597
mp-1196917,"Atoms(symbols='B4Mo2Pb12O24', pbc=True, cell=[[3.16633631, -9.24720594, -0.0], [3.16633631, 9.24720594, -0.0], [0.0, 0.0, 11.83436645]], initial_magmoms=...)",0.0,-1.9710348153968225,1,1,0.9999023675918579
mp-1196877,"Atoms(symbols='Ba2Al8Sb4O24', pbc=True, cell=[[-4.93955694, 4.93955695, 4.39039806], [4.93955694, -4.93955695, 4.39039806], [4.93955695, 4.93955694, -4.39039806]], initial_magmoms=...)",0.0,-2.932408561842104,1,1,0.95123291015625
mp-14646,"Atoms(symbols='Li8Mg8O48S12', pbc=True, cell=[8.52547599, 8.68694006, 12.12013874], initial_magmoms=...)",0.0,-2.377105931403507,1,1,0.987616240978241
mp-19075,"Atoms(symbols='K4Sr2V8O24', pbc=True, cell=[10.92285105, 10.92285105, 5.35927632], initial_magmoms=...)",0.0,-2.561608469447361,1,1,0.9207897186279297
mp-1189006,"Atoms(symbols='KLiMn2Si4O12', pbc=True, cell=[[-2.64841499, -4.46203487, -0.00692249], [-2.64841499, 4.46203487, -0.00692249], [1.39675359, 0.0, -9.94013569]], initial_magmoms=...)",0.0006313264627193504,-2.824751359322156,1,1,0.9246877431869507
mp-555470,"Atoms(symbols='Fe12Mn8O48Si12', pbc=True, cell=[[-5.84805183, 5.84802056, 5.84802009], [5.84802009, -5.84805183, 5.84802056], [5.84802056, 5.84802009, -5.84805183]], initial_magmoms=...)",0.13077516616666962,-2.3478736956681017,1,1,0.9621075391769409
mp-1201201,"Atoms(symbols='B4Cs12O48Se12', pbc=True, cell=[[11.44247797, 0.0, 0.01521472], [0.0, 8.03998115, 0.0], [-3.09113899, 0.0, 15.50727145]], initial_magmoms=...)",0.0,-1.7180701263243912,1,1,0.9999997615814209
mp-5444,"Atoms(symbols='Ga20O48Y12', pbc=True, cell=[[-6.14761862, 6.14761862, 6.14761862], [6.14761862, -6.14761862, 6.14761862], [6.14761862, 6.14761862, -6.14761862]], initial_magmoms=...)",0.0,-2.9499201051250012,1,1,0.9985674619674683
mp-560591,"Atoms(symbols='Na2Ti4Al10O24', pbc=True, cell=[2.91654669, 9.07339572, 15.3213553], initial_magmoms=...)",0.0,-3.3608801829022994,1,0,0.2510963976383209
mp-16097,"Atoms(symbols='CeSc3B4O12', pbc=True, cell=[[3.88496679, -4.91667249, -0.01342501], [3.88496679, 4.91667249, -0.01342501], [-2.32176768, -0.0, 5.82034987]], initial_magmoms=...)",0.0,-3.29800482575,1,1,0.7509182095527649
mp-6414,"Atoms(symbols='Ca12Cr8O48Si12', pbc=True, cell=[[-6.00727631, 6.00727631, 6.00727631], [6.00727631, -6.00727631, 6.00727631], [6.00727631, 6.00727631, -6.00727631]], initial_magmoms=...)",0.0,-3.1887819365,1,1,0.7518303990364075
mp-559685,"Atoms(symbols='Cd16O60Te12V8', pbc=True, cell=[5.40600787, 16.25413649, 16.11114196], initial_magmoms=...)",0.0,-1.7796410202083333,1,1,0.9999985694885254
mp-17617,"Atoms(symbols='K4Ti2Si12O30', pbc=True, cell=[[3.61957232, 6.28261738, 0.00837432], [-3.61957232, 6.28261738, 0.00837432], [0.0, 4.28325354, 14.54078547]], initial_magmoms=...)",0.002091092708335296,-3.186312636055554,1,1,0.9899476170539856
mp-561549,"Atoms(symbols='K4Be4Si12O30', pbc=True, cell=[[3.7425076, -7.69947742, -0.0], [3.74250858, 7.69947742, 0.0], [-0.0, -0.0, 11.51563887]], initial_magmoms=...)",0.0,-3.1432120020800003,1,1,0.9989758729934692
mp-18582,"Atoms(symbols='Rb4Ti2Si12O30', pbc=True, cell=[[3.66933584, 6.373365, -0.01064682], [-3.66933584, 6.373365, -0.01064682], [0.0, 3.9687623, 14.60288493]], initial_magmoms=...)",0.0,-3.190953711701391,1,1,0.9263036847114563
mp-14030,"Atoms(symbols='Li4Na8O60Si24Y4', pbc=True, cell=[[7.27209117, -8.7213236, 0.0], [7.27209117, 8.7213236, -0.0], [-0.0, 0.0, 10.37479049]], initial_magmoms=...)",0.0,-3.1820895506436773,1,1,0.8257302641868591
mp-1196872,"Atoms(symbols='Ba12Y4Co8O30', pbc=True, cell=[[5.99207333, 0.0, 0.0], [0.0, 7.98912081, 0.02035356], [0.0, 0.3105139, 18.36704714]], initial_magmoms=...)",0.0,-2.582906191574073,1,1,0.9551520943641663
mp-1197149,"Atoms(symbols='Re2Si4P6O30', pbc=True, cell=[[-7.88537478, 0.00659937, -0.00013412], [3.93472913, 6.83357373, -3.25e-06], [-0.91922889, -3.12637831, -10.37219561]], initial_magmoms=...)",0.0,-2.6606186623299317,1,1,0.9049869179725647
mp-555979,"Atoms(symbols='Li8N20O60Pr4', pbc=True, cell=[8.93996956, 10.45932374, 11.64053922], initial_magmoms=...)",0.0,-1.4302982741666666,1,1,0.9942474365234375
mp-679927,"Atoms(symbols='N15O45Rb6Sc3', pbc=True, cell=[[5.52431503, -9.56839345, 0.0], [5.52431503, 9.56839345, -0.0], [0.0, 0.0, 9.20164987]], initial_magmoms=...)",0.0,-1.4208896524999923,1,1,0.9992985725402832
mp-1198058,"Atoms(symbols='Ba12Y4Fe8O30', pbc=True, cell=[[5.99300379, 0.0, 0.0], [0.0, 8.06644444, 0.00813833], [0.0, 0.37183324, 18.50564912]], initial_magmoms=...)",0.0,-2.732123026944443,1,1,0.998848557472229
mp-17864,"Atoms(symbols='Ba2Na2B18O30', pbc=True, cell=[[6.63526422, -5.54839945, 0.02414215], [6.63526422, 5.54839945, 0.02414215], [1.96514058, 0.0, 8.42319918]], initial_magmoms=...)",0.0,-2.9316094048607444,1,1,0.6494675278663635
mp-558800,"Atoms(symbols='Ca2Mn8Si10O30', pbc=True, cell=[[6.707887, 0.01369024, 0.00464238], [-0.51920646, 7.69375546, 0.01839522], [-0.49902734, -3.21665571, 11.36246028]], initial_magmoms=...)",0.0007400332999676351,-2.9245757981689953,1,0,0.36285629868507385
mp-704115,"Atoms(symbols='Cr8O64P16Pb12', pbc=True, cell=[[8.96986891, -1.09e-06, -0.0], [-1.09e-06, 8.96987116, -0.0], [-0.0, 0.0, 16.57823747]], initial_magmoms=...)",0.0,-2.482102658742856,1,1,0.9996825456619263
mp-760083,"Atoms(symbols='Sr10Nb10O32', pbc=True, cell=[4.02943138, 5.71357164, 32.94806817], initial_magmoms=...)",0.05395256881122634,-3.1809904803846147,1,0,0.49682241678237915
mp-558390,"Atoms(symbols='Rb2Ga4P10O32', pbc=True, cell=[[9.21785006, 0.0, 0.0], [0.0, 7.3987617, 0.00403981], [0.0, 3.81831138, 9.44334044]], initial_magmoms=...)",0.0,-2.6076541312797885,1,1,0.7618929743766785
mp-6118,"Atoms(symbols='Ca6Cu6P8O32', pbc=True, cell=[[4.8868924, 0.0, 0.0], [0.0, 8.90178119, 0.0494786], [0.0, 7.73924089, 14.64543089]], initial_magmoms=...)",0.0,-2.618352158791208,1,0,0.3889661133289337
mp-555710,"Atoms(symbols='K10In2Mo8O32', pbc=True, cell=[[6.04252282, 7.29438942, -0.00902111], [-6.04252282, 7.29438942, -0.00902111], [0.0, 4.23745163, 9.58998194]], initial_magmoms=...)",0.0002143488461552323,-2.1434038114583327,1,1,0.9998775720596313
mp-1194165,"Atoms(symbols='Ba3Ge2B6O16', pbc=True, cell=[[-5.11774476, 0.00652359, -0.00412143], [-0.23525817, -7.6671359, 0.00077694], [1.891926, 1.82644499, 8.24478032]], initial_magmoms=...)",0.0,-2.890037171296296,1,1,0.9761291742324829
mp-555876,"Atoms(symbols='Ba2Mo4P8O32', pbc=True, cell=[[7.92847001, 0.0, 0.0], [0.0, 8.02346664, 0.00870824], [0.0, 7.74626424, 9.57508597]], initial_magmoms=...)",0.0036338768478323402,-2.6080717712422343,1,1,0.9704086184501648
mp-505102,"Atoms(symbols='Na2Mo6P6O32', pbc=True, cell=[[6.40824525, 0.02550727, 0.01341908], [0.96749209, 7.52396062, 0.0298817], [2.43530177, 1.97590493, 12.40650567]], initial_magmoms=...)",0.01207644163041266,-2.3507784143612396,1,1,0.9989098310470581
mp-556070,"Atoms(symbols='Na10Gd2Mo8O32', pbc=True, cell=[[-5.6993959, 5.69939738, 5.66821024], [5.6993959, -5.69939738, 5.66821024], [5.69939738, 5.6993959, -5.66821024]], initial_magmoms=...)",0.0,-2.322712468149867,1,1,0.9970991611480713
mp-556356,"Atoms(symbols='Na4Sr2Al8Si8O32', pbc=True, cell=[[-4.19491299, 4.93358323, 8.37866202], [4.19491299, -4.93358323, 8.37866202], [4.19491299, 4.93358323, -8.37866202]], initial_magmoms=...)",0.0,-3.2926352828799472,1,1,0.9424007534980774
mp-504996,"Atoms(symbols='Cs2V4P10O32', pbc=True, cell=[[9.43563181, 0.0, 0.0], [0.0, 7.55281602, 0.00888412], [0.0, 3.83909505, 9.52281039]], initial_magmoms=...)",0.0,-2.7006219082445604,1,0,0.2927974760532379
mp-19469,"Atoms(symbols='Na10Tb2Mo8O32', pbc=True, cell=[[-5.68158011, 5.68158061, 5.65229659], [5.68158011, -5.68158061, 5.65229659], [5.68158061, 5.68158011, -5.65229659]], initial_magmoms=...)",0.0,-2.329974951675509,1,1,0.9980044960975647
mp-556730,"Atoms(symbols='Ca2U2Mo8O32', pbc=True, cell=[[6.67439678, 0.0, 0.0], [0.0, 8.23761964, -0.00275253], [0.0, 8.1554786, 11.4369032]], initial_magmoms=...)",0.0,-2.440202246136349,1,1,0.8200374841690063
mp-558371,"Atoms(symbols='La20O68Ti20', pbc=True, cell=[[5.53301816, 0.0, 0.0], [0.0, 7.8501221, 8.653e-05], [0.0, 3.92152632, 31.40956864]], initial_magmoms=...)",0.0,-3.7601180701543204,1,1,0.9999865293502808
mp-1192638,"Atoms(symbols='Cs4U3Si4O17', pbc=True, cell=[[3.77446396, 5.80635302, 0.00530955], [-3.77446396, 5.80635302, 0.00530955], [0.0, 3.56633535, 11.35711844]], initial_magmoms=...)",0.0,-3.2554140355757255,1,1,0.9725714921951294
mp-556637,"Atoms(symbols='Ba6Na2Nb2P2O17', pbc=True, cell=[[2.92519206, -5.06658192, -0.0], [2.92519206, 5.06658192, 0.0], [0.0, 0.0, 14.63175817]], initial_magmoms=...)",0.0,-3.1387914579153215,1,1,0.9987257122993469
mp-554964,"Atoms(symbols='B4O68P8Pr28', pbc=True, cell=[[17.75551424, 0.0, 0.0], [0.0, 6.94149686, 0.02023196], [0.0, 5.36866163, 12.38132564]], initial_magmoms=...)",0.0,-3.4219182026895925,1,1,1.0
mp-557186,"Atoms(symbols='Cs2Ta4P10O36', pbc=True, cell=[[5.152368, 0.01997874, 0.00696949], [0.97288398, 10.89251054, 0.00148327], [0.7455824, 1.7199418, 14.30556387]], initial_magmoms=...)",0.0,-2.87629184125139,1,1,0.9879462122917175
mp-560090,"Atoms(symbols='Mn4Ni12Te6Pb2O36', pbc=True, cell=[[4.6347625, -8.02744684, 0.0], [4.63459227, 8.02754512, 0.0], [0.0, 0.0, 8.81969937]], initial_magmoms=...)",0.0,-1.5307105081954024,1,1,0.8992984294891357
mp-557282,"Atoms(symbols='Rb4Ce2N12O36', pbc=True, cell=[[6.90784427, 0.0, 0.0], [0.0, 8.20787675, -0.02739594], [0.0, 7.81231799, 12.83725387]], initial_magmoms=...)",0.0,-1.3882446055555535,1,1,0.7905303239822388
mp-1194532,"Atoms(symbols='Cd4Ni12Te6Pb2O36', pbc=True, cell=[[4.68183019, -8.10923488, -0.0], [4.68188755, 8.10920177, -0.0], [-0.0, 0.0, 8.92927261]], initial_magmoms=...)",0.0,-1.436616023833332,1,0,0.4330222010612488
mp-542280,"Atoms(symbols='Na8Ca2P12O36', pbc=True, cell=[[3.97940335, 6.54113894, 0.03587055], [-3.97940335, 6.54113894, 0.03587055], [0.0, 1.15467509, 14.08896745]], initial_magmoms=...)",0.0028255155171903468,-2.74269458063365,1,1,0.9336731433868408
mp-560580,"Atoms(symbols='K6Mo24O80P2', pbc=True, cell=[11.58943449, 11.58943449, 11.58943449], initial_magmoms=...)",0.0,-2.0625515018105856,1,1,0.9985619187355042
mp-14526,"Atoms(symbols='Na8Hf4Ge6O24', pbc=True, cell=[[7.88492024, -4.71915324, -0.02539239], [7.88492024, 4.71915324, -0.02539239], [5.08522118, 0.0, 7.65398846]], initial_magmoms=...)",0.0,-2.678220173119867,1,1,0.9992620348930359
mp-21757,"Atoms(symbols='Al20Eu12O48', pbc=True, cell=[[-6.07048471, 6.0704999, 6.0704999], [6.07048471, -6.07048238, 6.07048238], [6.07048471, 6.07048238, -6.07048238]], initial_magmoms=...)",0.08751601537499809,-3.3434364430000025,1,1,0.9999997615814209
mp-1203715,"Atoms(symbols='Cs4Ti2P8O26', pbc=True, cell=[[5.14414019, 0.00190633, -0.00330736], [1.32414488, 7.87042409, -0.00139314], [1.66117408, 1.32886277, 15.62828303]], initial_magmoms=...)",0.0,-2.8227825059357556,1,1,0.9224823713302612
mp-558607,"Atoms(symbols='K6B2Sb8O26', pbc=True, cell=[[7.14438798, 0.00641345, -0.00168971], [3.293858, 6.45432074, 0.00649181], [2.27152609, 0.92592866, 13.05490968]], initial_magmoms=...)",0.0,-2.11641984111508,1,1,0.9997346997261047
mp-1201519,"Atoms(symbols='K4Na4Nd8Nb4O26', pbc=True, cell=[[2.86992306, 12.20190589, 0.01497659], [-2.86992306, 12.20190589, 0.01497659], [0.0, 5.08844845, 10.15752033]], initial_magmoms=...)",0.0,-3.1746589049895007,1,1,0.994401752948761
mp-556801,"Atoms(symbols='B24Na12O52P4', pbc=True, cell=[6.66780559, 9.37545673, 16.10643093], initial_magmoms=...)",0.0,-2.768959353533949,1,1,0.9998273253440857
mp-555825,"Atoms(symbols='Na16O52Sc8Si16', pbc=True, cell=[5.27715248, 14.16320765, 14.411271], initial_magmoms=...)",0.0,-3.15074702426162,1,1,0.6509112119674683
mp-557355,"Atoms(symbols='Rb4Si2P8O26', pbc=True, cell=[[4.85403064, -0.01081775, -0.01161089], [1.08606357, 7.63379227, 0.00635649], [1.64097977, 1.41109988, 14.9488002]], initial_magmoms=...)",0.0,-2.733687543053571,1,1,0.9993712306022644
mp-557413,"Atoms(symbols='Mo12O52Rb8S4', pbc=True, cell=[[13.15989643, 0.0, 0.0], [0.0, 9.39455208, 0.02709316], [0.0, 5.46142494, 10.03359535]], initial_magmoms=...)",0.0,-2.057550590657896,1,1,0.9989308714866638
mp-1198984,"Atoms(symbols='Fe6P6Pb2O26', pbc=True, cell=[[6.38113341, 0.0, 0.0], [0.0, 7.59655311, 0.01452083], [0.0, 1.76327963, 10.24897916]], initial_magmoms=...)",0.006675338458332014,-2.2886091330714287,1,1,0.9887554049491882
mp-15750,"Atoms(symbols='Ag4O52P16Ta4', pbc=True, cell=[7.1004264, 8.29121265, 17.3340149], initial_magmoms=...)",0.0,-2.58815809737218,1,1,0.9936856627464294
mp-558548,"Atoms(symbols='B24N4Na12O52', pbc=True, cell=[7.58051207, 9.97824372, 12.54738044], initial_magmoms=...)",0.0,-2.480423836918989,1,1,0.9742394685745239
mp-559583,"Atoms(symbols='Bi4O52P12Pb16', pbc=True, cell=[9.52866178, 10.05492835, 13.23163821], initial_magmoms=...)",0.02381906369049691,-2.269065965187075,1,1,0.9655764698982239
mp-562742,"Atoms(symbols='Co6P8Pb2O28', pbc=True, cell=[[7.72490828, 0.0, 0.0], [0.0, 7.36018412, -0.02403386], [0.0, 3.45479686, 8.75987386]], initial_magmoms=...)",0.0,-2.3019181087987017,1,1,0.9948603510856628
mp-556234,"Atoms(symbols='O56Rb12Sb20', pbc=True, cell=[7.21179496, 7.38862348, 24.57768858], initial_magmoms=...)",0.0,-1.9702833960227262,1,1,0.9929881691932678
mp-556577,"Atoms(symbols='Na6Sb6As4O28', pbc=True, cell=[[7.27940198, 0.0, 0.0], [0.0, 6.46441103, 0.01284321], [0.0, 3.7176413, 11.97211264]], initial_magmoms=...)",0.0,-1.922018180869906,1,1,0.9774571061134338
mp-22806,"Atoms(symbols='Fe2P4PbO14', pbc=True, cell=[[4.80040701, 0.02227858, -0.01785129], [-2.06988552, -6.833083, 0.00935981], [-0.33082843, 0.0338609, -7.84878884]], initial_magmoms=...)",0.27809144244047523,-2.1286756135034004,1,1,0.8122723698616028
mp-695887,"Atoms(symbols='K3Cu2P4HO14', pbc=True, cell=[[5.26172477, -0.00935585, -0.0113536], [-2.51257253, 4.91597597, -0.00818595], [-2.27514699, -1.29223787, 12.41867837]], initial_magmoms=...)",0.0,-2.3156370236071417,1,1,0.974531888961792
mp-1195727,"Atoms(symbols='K8Ca2U2Si8O28', pbc=True, cell=[9.39128534, 9.39128534, 8.34630883], initial_magmoms=...)",0.0,-3.126075423083332,1,1,0.9939963817596436
mp-1190435,"Atoms(symbols='Nd2CuTe2S2O14', pbc=True, cell=[[5.01935945, 0.0106651, 1.4337732], [-0.41144304, 7.05917436, 3.75381539], [-0.01192048, 0.03174226, 8.29879711]], initial_magmoms=...)",0.0,-2.2655879308730147,1,1,0.9888849258422852
mp-10448,"Atoms(symbols='Mo8O56P8Te4Tl8', pbc=True, cell=[8.88534938, 11.29831281, 12.52804879], initial_magmoms=...)",0.0,-2.061740046553263,1,1,0.9999994039535522
mp-556335,"Atoms(symbols='O56P20Y4', pbc=True, cell=[[6.38898595, 6.43658853, -0.01397384], [-6.38898595, 6.43658853, -0.01397384], [-0.0, 0.30420526, 12.4142026]], initial_magmoms=...)",0.0,-2.578801359994047,1,1,0.9996970891952515
mp-555195,"Atoms(symbols='Ba2Mo4P6O28', pbc=True, cell=[[4.84212918, 6.5533857, -0.00586334], [-4.84212918, 6.5533857, -0.00586334], [0.0, 1.42063418, 8.53748246]], initial_magmoms=...)",0.0,-2.570737959196427,1,1,0.9489172697067261
mp-1190385,"Atoms(symbols='Tb2CoTe2S2O14', pbc=True, cell=[[-5.25125527, -0.00041267, -0.00693582], [-0.58307222, -7.7846252, -0.00355798], [2.37362543, 3.35319377, 6.93830992]], initial_magmoms=...)",0.0,-2.3362866936507927,1,1,0.907967209815979
mp-1198664,"Atoms(symbols='Ca4Cs12Fe4O56P16', pbc=True, cell=[9.30847391, 11.28255282, 15.06619633], initial_magmoms=...)",0.0,-2.7343369606537795,1,1,0.9996169805526733
mp-1194963,"Atoms(symbols='Tl4P8Pd6O28', pbc=True, cell=[[-5.00303065, 4.97272824, 7.02140802], [5.00303065, -4.97272824, 7.02140802], [5.00303065, 4.97272824, -7.02140802]], initial_magmoms=...)",0.0,-1.758503367474119,1,1,0.9991169571876526
mp-558298,"Atoms(symbols='Zn3TeAs2Pb3O14', pbc=True, cell=[[4.2768378, -7.40770016, 0.0], [4.2768378, 7.40770016, -0.0], [0.0, -0.0, 5.25045002]], initial_magmoms=...)",0.0,-1.7521037955072474,1,1,0.9918121099472046
mp-559427,"Atoms(symbols='Ba2Sr8U6O28', pbc=True, cell=[[5.70562632, -5.69952289, 0.0], [5.70562632, 5.69952289, 0.0], [-0.0, 0.0, 11.00993014]], initial_magmoms=...)",0.0,-3.6346170315909094,1,1,0.8147908449172974
mp-1192249,"Atoms(symbols='Mn3O14P2Pb3Te', pbc=True, cell=[[-7.3045e-05, -8.2e-06, -5.329018355], [-4.25185313, -7.36452758, -6.946e-05], [-8.50588872, 0.0012590100000000604, -0.00012067]], initial_magmoms=...)",0.0,-2.1541725036845873,1,1,0.9975751042366028
mp-560889,"Atoms(symbols='Ba12Na4Si8O30', pbc=True, cell=[[7.89757861, 0.0, 0.0], [0.0, 9.56893686, -0.01157341], [0.0, 3.49464238, 10.98528259]], initial_magmoms=...)",0.0,-3.213740519268837,1,1,0.9998977184295654
mp-559539,"Atoms(symbols='Li4U6P4O30', pbc=True, cell=[[-3.56458941, 3.56458941, 12.57190589], [3.56458941, -3.56458941, 12.57190589], [3.56458941, 3.56458941, -12.57190589]], initial_magmoms=...)",0.0,-3.2219242076569334,1,1,0.7588682174682617
mp-1202461,"Atoms(symbols='Li2Ca4Mn4Si10H2O30', pbc=True, cell=[[6.83086643, 0.00041335, 0.01403031], [-0.61359102, 7.65620673, 0.00754024], [-0.42855034, -3.31068709, 11.25387275]], initial_magmoms=...)",0.0,-2.996637432036334,1,0,0.37983831763267517
mp-561406,"Atoms(symbols='K12Nb24O76V4', pbc=True, cell=[[4.60270288, -7.97211499, -0.0], [4.60270288, 7.97211499, -0.0], [0.0, 0.0, 24.26608408]], initial_magmoms=...)",0.0,-2.88794086876724,1,1,0.995866060256958
mp-646297,"Atoms(symbols='Hg8N12O38Pb4', pbc=True, cell=[[0.0, 7.76729629, 7.76729629], [7.76729629, -0.0, 7.76729629], [7.76729629, 7.76729629, -0.0]], initial_magmoms=...)",0.0,-0.9159866754032262,1,1,0.9999864101409912
mp-553895,"Atoms(symbols='SrV4Bi6O20', pbc=True, cell=[[7.13853666, 0.02787202, -0.02020571], [-3.03331706, 7.35220743, -0.00017617], [-0.66619207, -3.11800598, 8.72859561]], initial_magmoms=...)",0.0,-2.191960768387073,1,1,0.934035062789917
mp-504827,"Atoms(symbols='Ga10GePb3O20', pbc=True, cell=[[5.8655057, 7.83982303, 0.00386216], [-5.8655057, 7.83982303, 0.00386216], [-0.0, 1.66491493, 4.83878334]], initial_magmoms=...)",0.0,-2.143721925294119,1,1,0.9658352136611938
mp-6044,"Atoms(symbols='B2O40P10Sr12', pbc=True, cell=[[-4.88452678, 4.88452678, 9.5259549], [4.88452678, -4.88452678, 9.5259549], [4.88452678, 4.88452678, -9.5259549]], initial_magmoms=...)",0.0,-3.246727989449405,1,1,0.9752489924430847
mp-556374,"Atoms(symbols='K2U3I4O20', pbc=True, cell=[[7.0244161, -0.00093818, 0.01950514], [-0.19452891, 7.85224539, -0.05160618], [-2.40486461, -0.42960741, 8.67220038]], initial_magmoms=...)",0.0,-2.1714841267069085,1,1,0.8255897164344788
mp-559530,"Atoms(symbols='O80P16Ti20', pbc=True, cell=[7.51635611, 12.83408906, 14.42685732], initial_magmoms=...)",0.0,-2.907558825353037,1,1,0.9999983310699463
mp-561005,"Atoms(symbols='SrBi6P4O20', pbc=True, cell=[[6.96589125, 0.02048568, -0.01658518], [-2.87267935, 7.0481821, -0.00200199], [-0.52231361, -3.12289026, 8.58152516]], initial_magmoms=...)",0.0,-2.4091631957603687,1,1,0.9503188729286194
mp-1198094,"Atoms(symbols='Cs8Ge16O40U2', pbc=True, cell=[[12.4395578, 0.0, 0.0], [0.0, 7.47961363, 0.00465269], [0.0, 7.44073403, 12.23272697]], initial_magmoms=...)",0.0,-2.3138725379885066,1,1,0.996434211730957
mp-581532,"Atoms(symbols='Cs12Fe16O80P20', pbc=True, cell=[9.85138052, 13.93912918, 14.05898746], initial_magmoms=...)",0.0,-2.4309991507712434,1,1,0.9996553659439087
mp-1196286,"Atoms(symbols='N28Ni8O84Rb12', pbc=True, cell=[7.21813414, 8.97532753, 28.03145725], initial_magmoms=...)",0.0,-1.1539145340151513,1,1,0.9999924898147583
mp-556212,"Atoms(symbols='K4U5Te2O21', pbc=True, cell=[[6.96907331, -0.02275581, 0.05259446], [-1.2179155, 7.01329312, 0.00726717], [-0.97395332, -2.17018452, 11.13030642]], initial_magmoms=...)",0.0,-3.0269947393697905,1,1,0.9111796617507935
mp-558070,"Atoms(symbols='K6U2Mo4O21', pbc=True, cell=[[7.81764927, -0.0234023, 0.01182133], [1.32020303, 7.79177201, -0.05001996], [1.06095942, 3.09360698, 9.83587049]], initial_magmoms=...)",0.0,-2.543097902454546,1,1,0.9694979190826416
mp-541049,"Atoms(symbols='Sr7Nb6O21', pbc=True, cell=[[16.35958828, -2.85888153, -0.00353282], [16.35958836, 2.85888108, -0.0035336], [15.86105526, 4.5e-07, 4.92303478]], initial_magmoms=...)",0.0,-3.265734434632382,1,1,0.831963837146759
mp-669333,"Atoms(symbols='Ba10O42Si16', pbc=True, cell=[[2.35887546, 16.47786633, 0.01475273], [-2.35887546, 16.47786633, 0.01475273], [0.0, 1.95216705, 13.83174489]], initial_magmoms=...)",0.00500625786762221,-3.3662199931617636,1,1,0.9999797344207764
mp-555424,"Atoms(symbols='Ca2Nb4P12O42', pbc=True, cell=[[5.34090715, 6.67856779, -0.00154405], [-5.34090715, 6.67856779, -0.00154405], [0.0, 1.327439, 12.36835609]], initial_magmoms=...)",0.0,-2.859253704011903,1,1,0.6247515082359314
mp-1019785,"Atoms(symbols='K8O84S24Si4', pbc=True, cell=[[9.37484653, 0.0, 0.0], [0.0, 10.8493929, -0.02716809], [0.0, 10.15104628, 16.34129139]], initial_magmoms=...)",0.0,-1.972805788816666,1,1,0.9879926443099976
mp-1019548,"Atoms(symbols='Ba4Ge4O84S24', pbc=True, cell=[7.57818541, 12.99827786, 16.98386564], initial_magmoms=...)",0.0,-1.9198890295689646,1,1,0.9955142140388489
mp-1199088,"Atoms(symbols='Mo10O44P4Rb8', pbc=True, cell=[[3.26856289, -9.91703807, -0.0], [3.26856289, 9.91703807, 0.0], [-0.0, 0.0, 17.4450219]], initial_magmoms=...)",0.0,-2.2645131889177503,1,1,0.9815244078636169
mp-557365,"Atoms(symbols='K12O46U10V4', pbc=True, cell=[[24.86541935, 0.0, 0.0], [0.0, 6.95928982, 0.02072591], [0.0, 1.10281719, 7.06658158]], initial_magmoms=...)",0.0,-3.1242425393333346,1,1,0.9992327690124512
mp-553934,"Atoms(symbols='Si4Mo2P4O23', pbc=True, cell=[[5.2317516, -0.01202379, -0.00456955], [2.4503364, 8.04495821, 0.02340566], [2.37549188, 1.77042807, 10.79277752]], initial_magmoms=...)",0.004899533602722883,-2.740000196093073,1,1,0.77390056848526
mp-8343,"Atoms(symbols='Cr4Na12O92P32', pbc=True, cell=[11.86746498, 11.86746498, 11.86746498], initial_magmoms=...)",0.0,-2.5972731066080152,1,1,0.7300012707710266
mp-19383,"Atoms(symbols='Ti4MnP6O24', pbc=True, cell=[[7.40023693, -4.28281756, -0.02117717], [7.40024157, 4.28280948, -0.02119037], [4.94163847, 8.08e-06, 6.97758561]], initial_magmoms=...)",0.0,-2.9889504619748988,1,0,0.049039628356695175
mp-21963,"Atoms(symbols='Cu4N24O48Tl10Y2', pbc=True, cell=[10.60079894, 10.60079023, 10.60078931], initial_magmoms=...)",0.21869614409903093,-0.8008544475378798,1,1,1.0
mp-17455,"Atoms(symbols='K7TaS6O24', pbc=True, cell=[[5.35501375, -7.59470327, -0.02395616], [5.35501331, 7.59470359, -0.02395585], [-5.38211602, -3.1e-07, 7.57555889]], initial_magmoms=...)",0.0,-2.2835780458706134,1,0,0.40321433544158936
mp-555580,"Atoms(symbols='SrZr4P6O24', pbc=True, cell=[[8.2049766, -4.36507771, 0.01523063], [8.20497686, 4.36507722, 0.01522983], [5.86939151, 4.8e-07, 7.20597132]], initial_magmoms=...)",0.0,-3.2556097422244874,1,1,0.6007740497589111
mp-541299,"Atoms(symbols='Zr4CdP6O24', pbc=True, cell=[[7.83074498, -4.44488699, -0.00542667], [7.8307449, 4.44488713, -0.00542644], [5.31277964, -1.4e-07, 7.26993758]], initial_magmoms=...)",0.0,-3.107077981367347,1,0,0.35353976488113403
mp-5512,"Atoms(symbols='Al28O50Sr8', pbc=True, cell=[4.88226272, 8.4806483, 24.7696504], initial_magmoms=...)",0.002253967034899773,-3.458645105639535,1,1,0.9992445707321167
mp-6101,"Atoms(symbols='Ba3Nb6Si4O26', pbc=True, cell=[[4.55057537, -7.88182771, -0.0], [4.55057537, 7.88182771, 0.0], [-0.0, 0.0, 7.77703653]], initial_magmoms=...)",0.0,-3.240608865769248,1,1,0.9531008005142212
mp-6169,"Atoms(symbols='Ba3Ta6Si4O26', pbc=True, cell=[[4.5231863, -7.83438808, -0.0], [4.5231863, 7.83438808, -0.0], [0.0, 0.0, 7.74747576]], initial_magmoms=...)",0.0,-3.4285438371538466,1,1,0.995354413986206
mp-9468,"Atoms(symbols='Ca18K2Mg2O56P14', pbc=True, cell=[[12.64093669, -5.19757837, -0.00413657], [12.64093669, 5.19757837, -0.00413657], [10.50670794, -0.0, 8.74169297]], initial_magmoms=...)",0.0,-3.275276366842391,1,1,0.6194712519645691
mp-556462,"Atoms(symbols='Cd10Mo4O56P16', pbc=True, cell=[[5.00279478, 4.44338534, 9.06e-06], [-5.00279478, 4.44338534, 9.06e-06], [0.0, 3.38770393, 24.20760087]], initial_magmoms=...)",0.0,-2.3912779724916913,1,0,0.026205414906144142
mp-1020704,"Atoms(symbols='Ge2O56S16Sr4', pbc=True, cell=[[13.05124702, 0.0, 0.0], [0.0, 6.96242086, -0.00343076], [0.0, 5.44977712, 12.16007464]], initial_magmoms=...)",0.0,-2.0238386869230887,1,1,0.9837225079536438
mp-1020724,"Atoms(symbols='Al8Na14O64P18', pbc=True, cell=[14.00054295, 14.00054295, 6.15352769], initial_magmoms=...)",0.006266744439101579,-2.848402606085401,1,1,0.9894702434539795
mp-1201490,"Atoms(symbols='Rb7GdFe6P8O34', pbc=True, cell=[[9.30298335, 0.02189653, 0.10420038], [-4.36697281, 8.86535584, -0.117949], [-0.80340095, -0.6823017, 9.96210611]], initial_magmoms=...)",0.0,-2.5348208974043365,1,1,0.9808759689331055
